,index,UNITID,TYPE,TUITION1_INDISTRICT_UG,FEE1_INDISTRICT_UG,NUM_APPS_ADMIT,TOTAL_AMOUNT_PELL_TOUG,STATE,TOTAL_SPENT_ACADEMICSUPP,TOTAL_SPENT_STUDENTSS,STATEGRANT,LOCAL_GRANT
0,135,130253,0,44080,270,12189,4746256,NORTH,14970150,47240166,92335664,234061157
1,547,177542,0,22500,1500,492,1062947,MidWest,548503,2238376,5690513,14604706
2,1041,225502,1,5002,2311,3570,7951250,SOUTH,11661004,9188368,2436226,0
3,737,198464,1,4452,2787,20313,36114112,SOUTH,45567386,20070425,24452588,0
4,581,181127,0,31190,1580,2126,1433360,MidWest,1132752,7868736,17079137,30148961
5,596,183026,0,9600,50,37143,125672827,NORTH,140649300,277299818,85386170,790656154
6,259,147679,0,31430,670,4782,4175232,MidWest,6677694,12491011,25191606,63473907
7,142,131098,0,26934,350,1594,2548245,SOUTH,1193275,4811302,11991582,30048030
8,644,190415,0,58586,696,51500,12105746,NORTH,298062212,203632616,405891863,2458715330
9,976,218539,0,37400,2860,2016,1510891,SOUTH,5019191,11359237,25638999,45508486
10,694,195304,0,56020,1500,3674,847272,NORTH,5678193,12403393,35953511,81285359
11,169,136215,0,32370,1060,13727,11584994,SOUTH,98760202,46317589,99300367,655006655
12,309,153375,0,29076,716,1810,3256770,MidWest,2997492,7570759,21685479,36607154
13,1006,220473,0,16400,1890,573,1373458,SOUTH,2284240,3493421,2330953,23297743
14,216,141060,0,25942,4030,9118,4964062,SOUTH,9566732,13774966,19853021,102759285
15,664,192703,0,41600,4280,8429,4992040,NORTH,13243244,17963779,73043624,137816907
16,195,139630,0,20760,460,946,1908640,SOUTH,349538,4987752,8018578,15818523
17,977,218645,1,10398,362,3055,6254903,SOUTH,4803368,8038616,6598985,0
18,680,194091,0,38060,1700,11007,7499815,NORTH,25994324,29194004,66034445,268786586
19,419,164492,0,36920,2500,2742,1837320,NORTH,1099291,10105801,21042753,27627245
20,940,216542,0,21320,1286,522,1211869,NORTH,777597,1442022,4103064,13571530
21,720,196219,1,7070,1883,4594,7276307,NORTH,23888283,10187063,7781051,0
22,934,216038,1,7716,2268,5461,10154239,NORTH,12589940,18134325,6944460,325953
23,1079,229063,1,6941,1696,6687,23729003,SOUTH,17680977,16083438,4342457,201474
24,298,152567,0,32990,500,3841,2632254,MidWest,4221437,7401754,38066278,61889093
25,1024,221953,0,25350,150,2463,2940400,SOUTH,1499440,5923600,15741386,32983475
26,897,213303,0,14500,2500,1698,3256856,NORTH,1873558,4886171,13109767,27733921
27,886,212133,0,34136,570,2095,3189158,NORTH,3991846,11654301,27814404,51984391
28,201,139931,1,4371,2114,17250,39805340,SOUTH,54384255,37124893,39316,0
29,503,173142,0,27700,680,665,729381,MidWest,641830,5316347,8511818,20223622
30,1045,225627,0,31020,1266,6883,10192968,SOUTH,24542483,24388441,76515867,177719455
31,383,160658,1,5407,4951,9870,23781814,SOUTH,23727343,16766558,2519937,0
32,1073,228796,1,7446,1804,13121,57128120,SOUTH,30663404,23799327,32545851,0
33,1140,236939,1,10202,1968,21198,35239178,WEST,104199870,32742197,63822901,752702
34,675,193399,0,39500,1480,2963,4648704,NORTH,7263303,7742289,37691999,55284171
35,930,215798,0,36586,1018,2310,2113733,NORTH,4039928,9972498,34124470,56071379
36,527,175342,1,6044,1246,6846,12469602,SOUTH,6785390,7239731,0,0
37,248,145813,1,10741,2374,15487,26256362,MidWest,27820374,54750005,34490920,0
38,350,156356,0,24500,600,2490,1923087,SOUTH,368376,4491220,7418426,14477610
39,304,153250,0,32240,580,1495,1298558,MidWest,2826173,7650203,21616361,42887590
40,702,196033,1,7070,1521,2640,5162912,NORTH,11753036,8536505,4816233,0
41,65,110617,1,5742,1676,25734,70843503,WEST,48420437,59433247,64996249,0
42,159,133711,0,19940,100,5431,4163511,SOUTH,3119896,10929825,12024993,63182925
43,576,180489,1,5352,2078,5380,12330178,WEST,39137246,29166221,643430,0
44,255,147013,0,31100,1100,1965,2499217,MidWest,1366283,10749425,598695,40576480
45,268,149231,1,8559,2936,8773,16878757,MidWest,24936343,37476855,11336869,0
46,1048,226231,0,31740,750,2201,2903416,SOUTH,2964803,9604236,17931151,51635839
47,321,154350,0,41466,780,1300,2086085,MidWest,1566795,9614884,26694779,37685829
48,639,189705,0,28630,1600,3453,3222302,NORTH,7246601,20111163,29817726,78812889
49,75,115755,1,5742,2122,10198,16922430,WEST,20330139,25710818,13674408,0
50,303,153162,0,45288,626,2615,1032286,MidWest,2871944,9949482,27046371,41974157
51,311,153621,0,24180,1100,4169,794989,MidWest,1062610,4464575,8026213,16427420
52,805,203775,0,31416,1000,1306,1755243,MidWest,1629911,5388532,17605572,29303789
53,868,210739,0,38500,1000,3192,2906693,NORTH,4666385,12389563,34579438,76181755
54,903,213507,0,44740,1290,2500,1788041,NORTH,3477824,9978605,44189585,60491932
55,873,211352,0,32830,1015,2700,3389823,NORTH,6273844,11946300,25585084,54139999
56,989,219198,0,26926,2210,737,774987,MidWest,824437,4068514,8091776,16781507
57,631,187985,1,6463,1698,10436,28953602,WEST,52239694,31511500,30360702,0
58,809,204194,0,22400,250,1341,2632565,MidWest,2469085,9393799,24476412,36256767
59,108,126076,0,15000,700,70,479978,WEST,106323,949238,505232,5571321
60,841,207458,0,28094,4650,1714,1627905,SOUTH,6551748,11092476,32590109,72928593
61,363,157447,1,9912,384,6686,16214688,SOUTH,31775000,30235000,11501000,0
62,909,213826,0,35178,1750,2231,2669071,NORTH,9182747,10089160,31288244,64073612
63,1126,234155,1,5540,3614,9912,13573615,SOUTH,8671381,6009535,9626215,0
64,190,139205,0,17400,1500,483,1466479,SOUTH,365117,2284052,4239419,10270798
65,529,175616,1,7951,170,517,5249216,SOUTH,4575674,5817402,1227846,741135
66,1054,227331,0,29038,888,5529,3726076,SOUTH,3723542,12983250,17705447,59816001
67,119,127741,1,7596,2466,9149,12710900,WEST,22250925,23561878,7961948,0
68,536,176080,1,8800,110,16127,29505830,SOUTH,41535368,20064595,12002137,0
69,49,110361,0,33930,2290,6961,17790404,WEST,7234238,49728342,90854968,233076854
70,81,118693,0,45050,810,2471,1443612,WEST,2474806,7542179,21986849,27867009
71,1115,232937,1,5752,3870,6944,16813164,SOUTH,18436898,7463397,23228949,0
72,1047,226152,1,3818,3865,7079,24243359,SOUTH,23446640,10305379,13271334,0
73,915,214157,0,45321,2046,2337,2522470,NORTH,4462754,13055045,44254793,73561198
74,895,213020,1,9570,3574,9034,14321406,NORTH,22503762,20487543,8466811,0
75,918,214272,0,31500,1460,3341,3171225,NORTH,4860398,13784062,17723592,52246305
76,789,201548,0,37978,320,4017,3465043,MidWest,5369033,11718627,56788874,77558548
77,270,149514,0,32398,900,277,971707,MidWest,2261969,4779390,12548416,34371991
78,908,213783,1,7716,2944,2136,3678866,NORTH,4661982,8504603,2892292,0
79,1189,240727,1,3480,1441,4919,9879071,WEST,44763000,20222000,13480000,0
80,167,135726,0,52080,1602,40133,8081880,SOUTH,191910447,56874463,278812000,3659157259
81,948,217013,0,25200,890,808,1512102,NORTH,4668435,5233088,8386912,26790789
82,771,199847,0,56722,1038,11959,2322798,SOUTH,939235000,39100000,122732000,1663448000
83,802,203368,0,42676,1730,3610,2664925,MidWest,9397699,14774763,75501619,96581240
84,647,190716,0,27986,900,1772,2316436,NORTH,7492752,10128140,18098945,65580056
85,1138,236577,0,46728,516,3923,4000564,WEST,7587000,20539000,65237000,106772000
86,204,139968,1,2563,1226,2257,8665799,SOUTH,3289397,2835245,0,0
87,741,198561,0,31220,960,5370,3877884,SOUTH,2608542,15279995,28802325,65441608
88,958,217633,0,26820,3160,3804,3101685,SOUTH,6347839,13552039,28743898,62815931
89,12,101693,0,22700,1665,2037,2505794,SOUTH,874487,2908818,14114661,27326468
90,863,210331,0,33190,998,1924,1441086,WEST,1317719,4481207,16795219,21052101
91,709,196103,1,7070,2060,1951,2141995,NORTH,9376701,5822933,2525973,0
92,349,156295,0,44400,692,1857,7533902,SOUTH,10419270,12290341,65721011,139121807
93,301,153126,0,34650,1100,1102,1046346,MidWest,1193634,3197606,11290804,25625786
94,439,165936,0,37560,1670,2884,1460683,NORTH,3216251,11951188,28231007,62253752
95,1070,228705,1,5127,4562,6308,14359037,SOUTH,16822989,14682556,10136836,0
96,395,161554,1,8064,1464,4774,9000329,NORTH,22196000,19311000,2222000,0
97,323,154518,0,21886,1202,1040,3179818,MidWest,2995419,4252937,8220310,24146198
98,1023,221892,0,25998,900,1461,3333411,SOUTH,4314207,13922693,1407253,57715968
99,181,138293,0,25526,2892,3282,1688807,SOUTH,362421,6766170,0,14643316
100,797,202514,0,33150,760,3021,1096968,MidWest,708894,5228284,7786010,15026491
101,1130,235024,0,32964,1236,587,864846,WEST,3248498,3819440,3028710,25164583
102,571,179964,0,25000,930,1463,1197152,MidWest,2061400,4476318,9460714,25331391
103,408,163453,1,5477,2151,9623,16347355,SOUTH,24603911,9452146,0,0
104,1060,227863,0,30800,760,1074,4130054,SOUTH,2604878,8850348,29899265,69674940
105,613,185590,1,12082,991,11888,36197328,NORTH,40741000,20732000,35172000,0
106,107,125897,0,41102,1494,1554,2712107,WEST,5041523,4232856,0,37861337
107,1028,222983,0,42405,185,4288,2061555,SOUTH,2596910,7893399,35467301,43708543
108,593,182795,0,36980,3700,4517,2048727,NORTH,4509691,12619663,35870209,50379077
109,937,216339,1,16080,890,33805,38990125,NORTH,175996000,81098000,152840000,3432630000
110,1080,229115,1,8683,2917,29131,43517356,SOUTH,113246805,54755924,13431760,0
111,58,110538,1,5742,2122,19999,34171019,WEST,34826832,36446588,30791790,0
112,607,184612,0,32550,2450,2838,4946888,NORTH,4346917,12902300,26368821,47251358
113,88,121150,0,57750,252,11768,2961426,WEST,91221000,69320000,130833000,416238000
114,880,211583,0,37950,250,2318,2591607,NORTH,2867907,6237158,18385706,36919946
115,459,167783,0,40850,1067,2905,2065472,NORTH,20322245,12957551,51152605,186860363
116,1017,221661,0,22060,870,2281,4105832,SOUTH,4800352,11080406,18675992,72705835
117,528,175421,0,26650,375,2380,4804074,SOUTH,1937957,13678988,11418409,44067151
118,877,211468,0,40967,600,1851,2142598,NORTH,1425548,5898630,17868714,37299468
119,1222,486026,0,10500,250,31,272823,NORTH,19201,479602,674543,1619165
120,573,180258,0,26462,200,272,1040862,WEST,531615,6389562,6976503,24270749
121,131,129525,0,40490,3070,12660,6402911,NORTH,3456000,23094000,101191080,176454000
122,27,104179,1,10990,1394,43540,48510329,WEST,309535000,110358000,7814000,0
123,998,219709,0,35310,1720,8926,5515344,SOUTH,19947256,32340374,82673676,196781218
124,186,138868,0,20700,1150,1044,4910777,SOUTH,3602429,5951115,6318249,27646915
125,1180,240365,1,6422,1295,6340,11153266,MidWest,20347682,26194407,1560298,0
126,335,155399,1,9375,1065,9208,15738006,MidWest,57132651,35280210,3599909,0
127,665,192712,0,48280,990,1268,354657,NORTH,4899353,3528576,18945468,42880147
128,1173,239716,0,40070,815,3358,1538166,MidWest,5134134,10495392,35717821,72806187
129,126,128771,1,6162,5340,7724,15240085,NORTH,20719922,39899057,2414281,0
130,133,129941,0,40170,1484,10671,6377820,NORTH,18006853,33625457,95359426,186315801
131,228,142115,1,5532,2536,15511,20866542,WEST,42892154,22775948,523765,0
132,194,139393,0,35670,1040,612,849758,SOUTH,1809938,6626033,16201854,29648337
133,1179,240338,0,31310,444,981,1091796,MidWest,2271463,6201807,14161029,30914896
134,851,209065,0,44450,682,2250,1813388,WEST,4738404,13240060,39461979,63305599
135,231,142461,0,32130,650,2793,1835264,WEST,3787860,10425629,18630706,40934016
136,876,211440,0,57560,925,26189,4826528,NORTH,159475953,64233657,170732800,1299231349
137,674,193353,0,33126,1286,2178,2729617,NORTH,5208293,9548142,24690048,58650389
138,90,121309,0,37600,700,2949,3590791,WEST,10900882,29024841,34260967,110371108
139,828,206589,0,53550,450,5582,1750031,MidWest,9616102,20363582,61105655,97477631
140,283,151111,1,8795,1149,16220,33078924,MidWest,269139314,42246510,0,0
141,817,204909,0,46870,260,3962,2055753,MidWest,5468094,13589584,45962978,67309822
142,742,198613,0,39400,720,3660,2777427,SOUTH,5410085,9737662,25889556,53340247
143,80,117946,0,51820,757,18576,4904018,WEST,59331000,67355000,133682000,404979000
144,650,190761,0,29860,860,2309,3015731,NORTH,2281153,7573178,14030309,40379089
145,1032,224226,0,30690,1250,4704,2996190,SOUTH,5260995,28691734,37024878,94562486
146,1144,237066,0,45050,1200,3915,3661921,WEST,7474567,16345606,58273578,84343820
147,783,200484,0,14848,2492,45,439761,MidWest,408343,1102571,951279,5670267
148,35,106412,1,5130,2934,5464,8424805,SOUTH,8618464,6177436,1703479,0
149,568,179894,0,28500,200,2901,3613893,MidWest,36250452,19519138,31491901,168270169
150,589,182281,1,7747,718,13256,44762410,WEST,116865000,93197000,29040000,0
151,239,144962,0,38354,300,4299,5060061,MidWest,7067690,14382948,51657107,70710430
152,464,168005,0,41242,406,7686,6182954,NORTH,39379304,30142294,99012729,235867528
153,6,100937,0,17650,1250,2460,1313515,SOUTH,3760960,8950139,10878745,44619283
154,1225,486840,1,4450,1986,18601,49292116,SOUTH,81687499,46259162,44699,1500
155,538,176406,0,10258,477,1844,3048687,SOUTH,2682113,4356138,2008151,23963418
156,47,107983,1,6420,2660,3426,8005991,SOUTH,4704023,6404892,3841562,0
157,1076,228981,0,31450,400,2683,2567150,SOUTH,2221178,6906160,24546240,36071055
158,1125,234076,1,15772,3123,40879,10620436,SOUTH,239331557,66312177,14120138,0
159,1203,431983,0,10500,200,0,164985,NORTH,0,1031828,1382821,6273709
160,1007,220516,0,30106,1734,781,3820156,SOUTH,1212432,5985369,11663344,30820625
161,94,122436,0,52120,744,13171,4846778,WEST,30499000,42018000,128231000,346121000
162,885,212115,1,8288,2971,4685,10199406,NORTH,16220231,10034203,5053435,0
163,826,206507,0,26400,1000,1558,2210981,MidWest,1560671,7231070,15271385,26026288
164,422,164641,0,28500,700,249,1334111,NORTH,175103,2000388,0,12801736
165,443,166391,0,37500,1500,2496,2524080,NORTH,2638450,11851454,25455200,58502289
166,471,168430,1,970,9616,4044,7158163,NORTH,6152467,11188502,4711981,0
167,202,139940,1,7158,2128,20409,63874757,SOUTH,99613905,51985456,0,0
168,148,132408,0,11250,900,90,680096,SOUTH,228462,734985,318036,6090186
169,824,206437,0,29910,1600,2112,2575170,MidWest,4031422,9873106,30305204,48631926
170,8,101435,0,25546,1489,2129,1902219,SOUTH,2197449,6536882,10696399,23465278
171,1084,229780,0,19996,1308,900,3671723,SOUTH,2398266,9004687,7411269,58309377
172,262,147828,0,35960,990,4711,4847717,MidWest,6518872,21689211,61588010,89701932
173,120,127918,0,38208,350,5912,3348648,WEST,15495253,24840778,44800639,131652611
174,401,162654,0,47100,100,2598,2116570,SOUTH,6058000,10342000,39073000,69289000
175,560,179043,0,38800,980,3629,1467452,MidWest,6684425,5832535,37441034,54892955
176,355,157058,1,7700,1100,3377,5004010,SOUTH,416254,9874188,1009706,0
177,288,151342,1,7067,648,2712,8036178,MidWest,7284217,4739976,0,0
178,19,102270,0,9548,1744,1230,3579888,SOUTH,1182778,2314781,1804795,17010814
179,87,120883,0,50370,724,14063,6695966,WEST,29476408,39182776,98508974,319470703
180,286,151306,1,8716,570,4158,10270656,MidWest,17040010,13471932,9872305,0
181,1053,227216,1,8295,2795,21514,56712052,SOUTH,72407141,95292716,19674911,0
182,956,217536,0,42220,700,4972,2078644,NORTH,6284000,12555000,42868058,72090000
183,62,110583,1,5742,1104,67426,81106447,WEST,61293379,62878474,72061707,0
184,947,216931,0,36888,1864,3633,3459474,NORTH,10473036,16251619,41277888,100889075
185,719,196200,1,7070,1484,4450,7461981,NORTH,8942869,9540778,7080897,0
186,403,163046,0,49700,1400,10489,2507817,SOUTH,17172754,34203343,95834812,188274493
187,1229,488314,0,12100,250,35,167209,NORTH,68592,218973,409102,902019
188,101,123554,0,50460,200,5364,2948601,WEST,11972797,26986258,57197594,130612651
189,414,164076,1,6962,3236,12295,28711917,SOUTH,42003111,26946751,201318,34039
190,236,144351,0,32660,976,4786,3013653,MidWest,5464553,25194641,22768560,76859464
191,482,169798,1,13500,1795,15957,28207288,SOUTH,29287442,22866372,1532326,0
192,996,219602,1,6720,1583,7346,21750542,SOUTH,13787603,25546034,20067226,0
193,1040,225414,1,5856,1648,1666,12326653,SOUTH,23126512,10335897,3413595,0
194,1204,433660,1,4191,1927,15430,20635492,SOUTH,20991340,17785744,17672750,0
195,584,181394,1,6344,1792,8864,19206894,MidWest,24224190,12834482,0,0
196,946,216852,0,47770,805,5739,2959648,NORTH,13711062,19452723,87933609,152903123
197,1030,224004,0,32900,900,1405,3035978,SOUTH,2962469,20764870,18612054,46927963
198,189,139199,0,30000,1720,1139,3528385,SOUTH,3711111,16425875,10477421,58040901
199,198,139755,1,10258,2594,40852,9476413,SOUTH,85952415,44766713,0,29213875
200,267,149222,1,9591,5466,6165,15135936,MidWest,257283248,57537823,11078547,0
201,893,212984,0,30590,1050,1314,3540780,NORTH,3723432,5307723,23081158,44352899
202,1083,229267,0,45840,616,9394,1742264,SOUTH,15383291,23616919,65351651,145067849
203,623,186867,0,53828,2124,10346,2950445,NORTH,39036000,32368000,91518000,264926000
204,1063,228246,0,51958,6582,14010,3360131,SOUTH,94800000,52727000,210449000,615710000
205,961,217776,0,24926,750,922,2300605,SOUTH,1344070,4286598,9220802,24507328
206,597,183044,1,15520,3418,18797,11162661,NORTH,68116977,22891631,724602,0
207,516,174525,0,17034,300,126,248346,MidWest,165588,645063,0,3310173
208,41,107071,1,5760,1632,3673,7037530,SOUTH,9421430,6311097,3183358,0
209,393,161457,0,37390,1360,4843,2210210,NORTH,21442361,23277739,47845145,185893109
210,994,219383,0,19170,350,1648,1658011,MidWest,1589215,7510429,7977546,25638165
211,1065,228431,1,7842,2758,9016,21240968,SOUTH,22491904,27895561,9792888,256119
212,99,122755,1,5742,2110,32375,51000927,WEST,53368822,79146933,49397048,0
213,1157,238078,0,29090,200,1057,866693,SOUTH,1186529,5394599,7356344,23188132
214,579,180984,0,34200,700,2118,1455712,MidWest,2454107,12217013,24853584,35915125
215,154,133492,0,47044,660,4815,1945675,SOUTH,4423426,13849639,44735766,79518617
216,1003,219976,0,32080,2664,3621,2708276,SOUTH,14502992,25332906,45158225,159492696
217,494,172033,0,20987,120,2,44265,SOUTH,638274,1599199,985838,8372325
218,111,126580,1,9208,1632,8944,13955844,WEST,26665694,20838764,9698018,0
219,208,140553,0,27038,2430,3258,5661410,SOUTH,8385400,42361149,24462198,120737805
220,963,217864,1,75,12545,2524,2999718,SOUTH,10018193,10385831,4974647,0
221,453,167260,0,35290,1250,2507,1969596,NORTH,3523596,9958208,21341073,37883631
222,1178,240329,1,7585,1575,6214,7427246,MidWest,20141218,26028686,1245771,0
223,76,117104,0,16584,850,116,1176304,WEST,1073857,3338999,1468402,11758443
224,258,147660,0,41000,180,6919,2938120,MidWest,7160480,9893143,54595497,79923843
225,875,211431,0,30542,904,650,2491759,NORTH,6853571,2468589,11068320,53371849
226,1093,231059,0,46175,2000,3184,1084102,NORTH,6824056,13744265,31045200,69089463
227,790,201645,0,52448,500,29084,3550436,MidWest,22849615,35274031,206737042,1021160225
228,51,110404,0,54570,2292,8007,482283,WEST,49526627,25995377,80206000,3376928449
229,838,207324,0,24550,540,2186,1918801,SOUTH,1639508,8958219,22099026,46648445
230,693,195243,0,33400,800,1793,1870286,NORTH,2757279,6497231,21091560,33383420
231,1010,220631,0,23040,450,1630,4225797,SOUTH,28425321,12648760,25910284,129168428
232,655,191533,0,47370,994,3609,2095700,NORTH,2198103,9603469,28835699,49887778
233,274,150145,0,29250,540,1235,2143580,MidWest,867787,7565027,13986426,26404796
234,1022,221847,1,8358,1278,6781,13745734,SOUTH,14128968,23222739,24410064,0
235,163,133979,0,12576,3360,3929,3986184,SOUTH,2767092,7493762,1588130,43647824
236,280,150756,0,38880,770,2565,1536256,MidWest,1478325,9659110,31522957,36551940
237,744,198756,0,16014,2770,7160,5510781,SOUTH,3159461,8037940,7262420,44723714
238,78,117627,0,33228,990,5113,4095308,WEST,8258579,7905506,2135935,74985961
239,530,175856,1,8270,175,9551,18621866,SOUTH,9828185,19915562,1205068,0
240,336,155414,0,30250,320,1293,1184996,MidWest,654140,4865912,9926951,17526478
241,559,178697,0,19500,460,2437,3221772,MidWest,553363,3094269,22672826,63958283
242,60,110565,1,5742,1212,45449,80571378,WEST,46894200,52758717,70274370,0
243,372,159391,1,8038,3924,28960,30136281,SOUTH,90955391,28935582,1576020,0
244,1064,228325,0,20496,960,703,4184967,SOUTH,4119151,3241706,7697009,30579640
245,708,196097,1,7070,3021,37083,31375251,NORTH,113262614,74901229,28009399,0
246,1021,221768,1,8214,1534,9001,12173705,SOUTH,10053946,17191229,15226331,0
247,535,176053,0,18200,1108,2559,4008868,SOUTH,3530780,12466486,33730511,75993423
248,200,139861,1,7508,2016,4515,5034190,SOUTH,16703362,10524826,30644959,0
249,1005,220181,0,20220,1912,6345,2605966,SOUTH,4062413,3826605,12116109,28661661
250,188,139144,0,37720,226,4166,2047008,SOUTH,9540780,18813784,44562669,92782947
251,983,218964,1,15306,530,6705,9059782,SOUTH,8892181,18079278,14986889,0
252,730,197230,0,30300,1500,1998,952610,NORTH,1348398,3636513,7655426,21689448
253,493,171599,0,30126,1040,2134,2527690,SOUTH,667114,6618543,16111298,22844897
254,1033,224244,0,18176,910,474,441163,SOUTH,412195,912084,628687,4106154
255,929,215770,0,47740,200,7632,2753559,NORTH,13380332,35485753,99349180,210347379
256,418,164465,0,59890,1000,10603,2127649,NORTH,38452205,36681400,47004083,232751101
257,375,159717,1,5147,3235,3496,9841046,SOUTH,9084649,5997310,2083254,0
258,857,209612,0,47158,937,2458,2475311,WEST,26379297,16544176,42694858,125978174
259,550,178059,0,24766,2400,2503,6298248,MidWest,10845967,16815246,40107584,114549428
260,521,174862,0,27270,710,949,1355325,MidWest,2614346,4862704,6042225,17074609
261,891,212832,0,36027,780,1019,2825678,NORTH,10935000,6018000,22204000,55111000
262,211,140818,0,27300,220,1457,2778146,SOUTH,2487082,9106907,1691903,48046183
263,325,154688,0,30170,500,819,1850750,MidWest,1988119,8267364,16102361,36964031
264,244,145619,0,30830,1510,3017,4891995,MidWest,7238862,20094060,32310796,74092716
265,685,194693,0,13900,350,18,69230,NORTH,215356,267091,468442,2045598
266,205,140234,0,32000,370,1624,1707360,SOUTH,1405349,7312256,14421938,32068646
267,992,219347,1,7740,3280,1329,1866936,MidWest,6785605,7725156,806804,0
268,426,164988,0,56854,1218,61007,13886164,NORTH,138032000,91212000,456635000,2077641000
269,220,141325,0,23990,1200,1142,1369858,SOUTH,1016197,2614310,6429188,17652689
270,348,156286,0,41520,1653,4191,2877138,SOUTH,6358515,17671036,60675011,76796689
271,34,106397,1,7568,1816,19777,18636365,SOUTH,67439782,43133274,30883612,0
272,85,120537,0,33250,1200,794,1097060,WEST,1567301,5865751,341159,21358222
273,997,219639,0,11112,1460,456,2585916,SOUTH,2166888,3250568,264506,18407936
274,156,133553,0,36456,1508,9581,7573528,SOUTH,11897000,27760000,73275000,382669000
275,713,196149,1,7070,1607,12392,9021150,NORTH,24140679,12386745,10074395,0
276,945,216807,0,37075,600,2746,1666693,NORTH,4730573,7772097,27367611,36828053
277,768,199643,0,11808,4672,6437,4396237,SOUTH,424325,7839305,4710161,37330499
278,745,198808,0,26140,1850,1430,1844339,SOUTH,1371827,5374729,9861960,20421702
279,567,179867,0,56300,593,27949,4754841,MidWest,227173000,99968000,294823061,3560028000
280,1131,235097,1,6707,1026,5618,17243453,WEST,21983536,23018154,22789194,0
281,670,193016,0,19578,800,7246,19769240,NORTH,28442071,20681960,40694619,158197997
282,819,205124,0,13000,100,22,154273,MidWest,410070,396525,501770,2728256
283,962,217819,1,12518,460,15214,9630394,SOUTH,19713603,18354638,19185236,0
284,548,177746,0,39500,600,1005,1448911,MidWest,3970056,2751890,13509969,22550515
285,463,167987,1,13833,575,8738,11266959,NORTH,31344000,20932000,3743972,0
286,531,175980,0,38600,2714,2796,1250266,SOUTH,2243385,6934813,20045421,33782593
287,616,186283,0,45120,740,9250,5737780,NORTH,16186000,26204000,83778000,149558000
288,491,171456,1,11882,796,6233,10903742,SOUTH,15428094,19480408,6562994,0
289,970,217998,0,34435,2100,1020,1533406,SOUTH,936347,1893483,15692070,20459020
290,314,153834,0,45000,610,3640,1665387,MidWest,4050737,14062497,53022451,72219455
291,390,161253,1,9240,2504,14785,11133712,NORTH,37446000,30376000,2519000,0
292,628,187648,1,4074,2454,2409,6542541,WEST,4193159,9460114,3575697,0
293,561,179159,0,46400,724,16580,6213683,MidWest,60363793,31429302,187139074,839258754
294,836,207263,1,5913,1002,1584,12579460,SOUTH,8461580,10714136,8029560,0
295,902,213400,0,26330,680,301,2304632,NORTH,1445514,4437223,9404212,31184823
296,861,210146,1,8820,2097,2320,6440205,WEST,8918285,6065227,2000494,0
297,134,130226,0,48200,2560,19798,4777534,NORTH,23967871,55191499,149542944,314688935
298,1014,220978,1,7200,1870,9096,33918645,SOUTH,35995271,47090762,38953524,0
299,942,216667,0,49612,558,2496,1724723,NORTH,5165401,10233036,35576552,59245028
300,835,207157,0,11200,5347,152,850943,SOUTH,274478,989066,2368744,4732374
301,10,101541,0,17240,1400,432,571692,SOUTH,669507,1382833,2019208,9415776
302,953,217484,1,12922,2082,23856,14092339,NORTH,67553225,42236250,2749201,0
303,310,153603,1,8042,1274,20223,26436551,MidWest,231224369,36835325,2292473,0
304,404,163268,1,8704,716,11459,15204501,SOUTH,27763221,26620148,9415236,482898
305,638,189097,0,55781,1698,9411,1869538,NORTH,20769000,13240000,35494252,199285000
306,1200,399911,0,32250,1712,427,393395,WEST,6104000,8796000,9418727,61658000
307,370,159009,1,5140,2495,8153,17341381,SOUTH,3471756,4680894,0,0
308,894,213011,0,26900,850,1958,1938273,NORTH,2228283,7775095,9192893,40003437
309,104,123961,0,59260,1015,59712,19093166,WEST,75196000,232320000,637975000,5529573000
310,428,165024,1,910,9822,9555,15256317,NORTH,28035754,25753871,5315249,0
311,1174,240107,0,28660,690,1325,1953034,MidWest,2830105,8827639,17262337,44786638
312,572,180106,0,36182,1080,1449,1206041,WEST,3332064,8151796,23298199,36737097
313,840,207403,0,27912,3440,3269,2640628,SOUTH,3281394,10847457,28801165,44069230
314,1217,482680,1,3969,1365,11149,25851912,SOUTH,24124262,17351924,0,4919
315,473,168546,0,50070,520,4699,3121570,SOUTH,4206484,15213386,50899073,64418805
316,1102,232043,0,38850,370,1398,1348220,SOUTH,3028229,5898815,16632882,32747920
317,481,169479,0,19320,940,3036,8594523,SOUTH,35097669,14469451,19226220,94058795
318,736,198136,0,34290,2450,5025,6862676,SOUTH,13337021,24856111,81243415,166083477
319,139,130776,1,6162,5619,5196,7322566,NORTH,12871149,24231278,1456708,57664
320,827,206525,0,40630,846,2807,2091958,MidWest,2879926,12467331,37200681,53848710
321,854,209506,1,9212,2057,4231,5694041,WEST,6368617,6938887,1722600,0
322,165,134097,1,4640,1877,63691,47252119,SOUTH,136608785,62325892,125182358,0
323,226,141644,0,28800,500,8296,3714419,WEST,7428201,12406899,31032684,80483546
324,935,216047,0,21218,1352,5,38460,NORTH,2151612,966896,84949,10893656
325,180,138275,0,23500,550,1177,2662428,SOUTH,1126213,6591096,5793756,18734911
326,191,139250,1,2563,1370,2267,6569067,SOUTH,2183040,3136211,0,0
327,306,153278,0,34070,1630,1844,4106450,MidWest,5788672,12878033,25182958,63509099
328,347,156213,0,31460,568,1324,2352680,SOUTH,2356921,6242564,17001197,36448824
329,888,212577,0,60872,190,9062,2149549,NORTH,10176499,24792673,59329354,134714477
330,1086,230603,1,6006,764,16694,17602652,WEST,16244337,26340831,22080796,0
331,1018,221731,0,24600,1250,1039,2324789,SOUTH,522433,4031240,12591826,20798783
332,754,199120,1,7019,1961,41773,22085409,SOUTH,173346344,46837460,100851487,0
333,735,198066,0,28400,1850,3044,1555024,SOUTH,1042229,4743008,10981074,19879033
334,707,196088,1,7070,3456,30247,36275017,NORTH,148180162,49539979,38425491,0
335,341,155681,1,5836,1668,2007,7794597,MidWest,9531961,10367275,876157,0
336,599,183071,1,15150,628,265,1164127,NORTH,4045553,2701555,0,0
337,807,204024,1,12637,2984,26844,9250646,MidWest,73703267,29985514,2455554,41000
338,1068,228501,1,6547,2230,1012,5051690,SOUTH,4262572,4349378,2204975,0
339,242,145372,0,28406,550,1993,1765975,MidWest,1300448,7137871,11940536,26621254
340,17,102094,1,7896,500,8084,18312268,SOUTH,33680000,44931000,35000,0
341,870,211088,0,44620,700,8884,3354611,NORTH,7257000,15227000,42865000,116908000
342,671,193052,0,11000,1360,40,1368786,NORTH,529917,203397,409749,3895194
343,731,197708,0,43575,2900,1442,1968004,NORTH,44058000,24313000,95143000,250155000
344,640,189848,0,36026,642,2243,2037592,NORTH,809757,5160450,15884859,24937800
345,207,140447,0,28695,300,5651,8100576,SOUTH,28819808,26751075,92346790,293096405
346,1162,238616,0,30890,292,3509,3316224,MidWest,12077224,19314089,49894988,115857079
347,382,160630,1,4483,2576,2261,5423090,SOUTH,1412933,5312585,445746,0
348,1216,482158,1,2728,1314,3237,16669664,SOUTH,7638256,10009472,7055445,0
349,275,150163,0,42410,990,14592,2769256,MidWest,16500000,36932000,77841000,191904000
350,920,215105,0,46530,150,1588,2709321,NORTH,13821056,7521970,39675270,70603556
351,345,156125,1,6843,1590,7655,17353086,MidWest,38100486,37995434,1855131,0
352,1092,230995,0,40608,2342,4053,3879866,NORTH,10296000,23506000,68047000,113378000
353,1236,493707,0,8500,150,40,129212,NORTH,0,415860,280679,1826216
354,495,172051,1,10376,438,6881,11871410,SOUTH,16133508,14256857,600,0
355,340,155627,0,29980,2200,1845,1457961,MidWest,6854413,15890644,21333413,59914748
356,175,137546,0,49140,360,11957,5299537,SOUTH,14494168,28345882,100436783,141030387
357,1013,220862,1,8208,1704,13298,35512993,SOUTH,36829166,74736157,33668985,0
358,320,154235,0,32478,280,4607,2602492,MidWest,7384520,10774951,32353367,80335281
359,1071,228723,1,8395,3901,42872,58609246,SOUTH,370082300,109090901,43540737,0
360,979,218663,1,12288,400,34957,26016537,SOUTH,110734558,62417074,66500449,411505
361,813,204501,0,57654,900,9309,1232436,MidWest,23763184,15977914,74633647,182706689
362,1026,222178,0,37750,50,10534,4226334,SOUTH,12169519,32160371,66326240,142939863
363,1069,228529,1,4951,3325,10169,23628176,SOUTH,24930607,17459049,1835475,0
364,484,170286,0,28170,1312,1993,0,SOUTH,3562351,12831445,29396995,140682842
365,1207,446233,0,15000,950,72,561606,SOUTH,104142,15258,932829,2500194
366,386,160959,0,42993,549,405,431566,NORTH,1716556,2071173,11566791,26323340
367,446,166629,1,15791,648,40315,24372822,NORTH,96132957,73545414,2218000,0
368,478,169248,1,12296,450,19396,23910464,SOUTH,56428487,27275374,93890,0
369,329,155025,1,5278,1693,1544,5277618,MidWest,13744073,6979577,1958245,0
370,435,165699,0,34470,850,5355,2229595,NORTH,12549980,14305918,39901848,109471115
371,326,154712,0,30830,800,2488,1480613,MidWest,3771826,7023877,32123874,53877604
372,509,174066,1,13318,1709,38237,30180565,MidWest,497218772,138320796,43467005,0
373,1227,487524,0,18360,800,2301,5318088,NORTH,7581962,10679893,17812065,54045671
374,1208,447689,1,3214,1734,5903,31108384,SOUTH,11218153,13549474,10256794,0
375,59,110556,1,5742,901,15448,61438256,WEST,40239687,60708559,56770928,0
376,13,101709,1,12090,1620,4954,4291888,SOUTH,8227788,12943789,84075,0
377,683,194392,0,30160,34,1283,1495741,NORTH,1181393,3906006,11071397,26745473
378,985,219000,0,34934,950,2037,1496003,MidWest,4355920,6157343,29518840,54541610
379,432,165644,0,29706,1000,1005,1244811,NORTH,382114,3886117,9983191,20793430
380,546,177418,0,27290,500,717,1865879,MidWest,2894228,4919109,10577642,25749755
381,1151,237367,1,5888,1850,2439,6734652,SOUTH,4177520,5599905,6354799,0
382,1025,221971,0,22080,850,2503,2925908,SOUTH,6482371,8841249,26600776,64435510
383,91,121345,0,54380,394,10388,1739875,WEST,19345000,23277000,49734000,178801000
384,430,165529,0,40080,1975,5733,3145457,NORTH,6468601,19698287,40809550,77345858
385,322,154493,0,31950,995,1098,6501781,MidWest,1843814,11440341,18395220,53713591
386,452,167057,0,51440,1000,1147,292471,NORTH,5822821,5306317,17166174,52636945
387,331,155070,0,17000,4780,198,505369,MidWest,283658,479312,2673653,8690189
388,661,192192,0,32700,1332,2025,2878626,NORTH,1529739,8591212,19929677,38240134
389,950,217165,0,45966,897,7521,1735911,NORTH,15154000,31974000,65199000,154739000
390,53,110422,1,5742,4329,52371,16592674,WEST,67029749,79705072,21346775,0
391,479,169327,0,21630,600,803,656988,SOUTH,661348,2199533,4456164,10873879
392,3,100751,1,10780,840,39560,26353781,SOUTH,103079114,60453485,772030,0
393,858,209807,1,7907,1641,6701,35214107,WEST,43585868,24866214,14388754,401294
394,1210,451398,0,12100,150,96,579268,NORTH,0,675474,2182039,3979923
395,256,147244,0,38800,792,3071,3466772,MidWest,3134023,12488074,40637521,53835186
396,48,109785,0,40830,580,4534,8175239,WEST,18638601,42997989,79328188,226156266
397,729,197197,0,48010,2000,2604,1651042,NORTH,3970102,18692481,40545536,68410211
398,457,167455,0,30660,1000,352,975774,NORTH,850981,3703135,5904239,17505789
399,215,140988,0,22380,430,1548,2712434,SOUTH,1023391,5978164,11879782,23202863
400,763,199281,1,1000,2456,5021,16258626,SOUTH,15768911,8018356,4746372,0
401,755,199139,1,3812,3284,19949,41735658,SOUTH,59676550,32099048,33074631,96968
402,72,113698,0,47190,720,1971,1591496,WEST,4195307,9744288,27488640,61990754
403,487,170675,0,35430,1200,2588,2247966,SOUTH,6426173,16191733,19901792,72423936
404,834,207041,1,5648,1404,874,6451803,SOUTH,2152366,3409440,2994407,0
405,2,100724,1,8328,2740,7027,13341998,SOUTH,12928881,15714772,170200,0
406,1129,234827,1,6475,1969,13263,17612256,WEST,16919917,17766988,21062488,0
407,916,214166,0,23090,1280,1428,1755112,NORTH,2121013,5907945,8079239,27540491
408,241,145336,1,7512,2596,1459,9205040,MidWest,3364055,7530317,6495660,0
409,678,193900,0,52204,2676,80210,25400715,NORTH,86875000,131100000,711990000,7484876000
410,424,164748,0,44360,1300,7860,4225842,NORTH,19535224,25703459,75020477,280456664
411,1220,484905,1,6678,1466,2324,8138593,SOUTH,7043740,11994734,4128337,0
412,1134,236133,0,33500,480,498,1456631,WEST,1775000,7566000,14850000,38339000
413,705,196060,1,7070,3090,26127,27766177,NORTH,53467382,30733240,24742896,0
414,612,185572,0,39968,712,8367,6911954,NORTH,32736860,18378059,71900844,183080695
415,864,210401,0,53300,534,4010,1649782,WEST,17791000,12774000,49010000,90364000
416,641,190044,0,51454,1270,6198,3218268,NORTH,13447981,21321089,104731249,133256750
417,890,212656,0,28500,540,1642,1842516,NORTH,3163399,8044174,14870418,33231869
418,912,214041,1,9570,2095,6381,8013823,NORTH,13880931,18779489,4848003,0
419,73,114813,0,32954,498,959,8245526,WEST,10950010,10149316,15998677,65573886
420,117,127185,1,7056,1840,3497,5494707,WEST,8688086,10560787,21272269,0
421,1106,232265,0,26198,3114,10811,6072603,SOUTH,17158156,17182279,29363578,186364893
422,919,215062,0,53166,6876,42205,7467800,NORTH,1012266000,113504000,360863000,10944686000
423,1132,235167,1,7185,1140,1047,6026018,WEST,7460584,7637236,7582131,540853
424,367,157818,0,39920,1690,1663,1127752,SOUTH,5928918,8092943,19362282,37744409
425,5,100858,1,10080,1716,17946,15631504,SOUTH,144933734,38623385,84512,10345
426,1156,237969,0,31074,1178,2182,1984832,SOUTH,2390593,6404973,21971682,26655763
427,900,213358,0,29470,850,1846,2066188,NORTH,2185994,6049320,14174023,30324846
428,862,210304,0,18900,960,408,1194105,WEST,684348,4864319,1678836,18272878
429,541,176965,1,7128,1178,5666,11599926,MidWest,8415958,24088462,0,0
430,330,155061,1,4140,1290,1920,13206795,MidWest,16732475,12639468,1495867,0
431,844,207722,1,6390,1650,1021,1930020,SOUTH,1230462,1415848,995601,0
432,11,101587,1,9100,1890,1834,5594415,SOUTH,5992220,9111864,597128,0
433,520,174817,0,37650,630,1459,1842091,MidWest,8458505,14148506,22204514,76000777
434,766,199458,0,15520,970,218,478409,SOUTH,326984,838973,850746,4361087
435,1009,220613,0,18840,700,2236,6475193,SOUTH,3418156,12841580,29099161,73469814
436,711,196121,1,7070,1554,9203,12239497,NORTH,13845624,14374270,14350491,0
437,264,148405,0,32800,250,2021,1988958,MidWest,1737748,5897861,11227353,25808160
438,636,188854,0,41660,300,5130,4069012,NORTH,6647722,14208334,18877866,83335190
439,56,110510,1,5742,1256,14435,54616447,WEST,29144670,35031902,45301595,0
440,250,146427,0,49185,789,3104,1877186,MidWest,4544511,10130956,38956673,48244482
441,1206,446048,0,22190,998,1559,1294731,SOUTH,1070023,9596124,15475175,38731763
442,1186,240462,1,6418,1455,3671,7316010,MidWest,28372310,20848979,1684399,0
443,54,110486,1,5742,1757,12235,30404359,WEST,21430149,24680157,26581609,0
444,604,183974,0,33550,948,1342,2191812,NORTH,3086950,8184525,19531364,38214990
445,233,143358,0,35060,420,10202,6293160,MidWest,10527617,12121752,70704481,161181256
446,84,120403,0,46500,3180,2342,2028364,WEST,5528938,6832705,17687273,49376388
447,1230,489937,0,12600,1680,461,1284183,SOUTH,1750703,1372564,2043290,10428257
448,625,186900,0,13700,200,9,169102,NORTH,185,140360,288759,779195
449,1004,220075,1,7340,1919,8686,19835201,SOUTH,35190218,28692695,24446617,0
450,125,128744,0,32860,2900,6020,6365911,NORTH,5365000,15568000,44131000,87117000
451,1108,232423,1,7250,5080,23922,13006109,SOUTH,58247950,24977447,11794979,0
452,187,138947,0,18990,2705,15613,11465548,SOUTH,9363011,10314416,21791623,102161831
453,537,176372,1,8786,110,9683,26674875,SOUTH,22615581,12188990,7720055,0
454,553,178369,0,20100,1400,2898,2798703,MidWest,1284360,8491065,14478460,22644798
455,151,132657,0,37600,2250,8053,2924246,SOUTH,2729838,26397768,27572636,94711265
456,904,213543,0,54790,470,12389,4536755,NORTH,37710000,38856000,115235000,406147000
457,534,176044,1,6726,20,3351,6409215,SOUTH,3587482,6965866,456459,0
458,388,161226,1,8640,932,1595,3524906,NORTH,3486000,6726000,1033000,0
459,137,130493,1,6162,5660,8504,15332628,NORTH,23747130,34057123,3929279,0
460,776,200059,1,6474,1648,506,1457517,MidWest,2929369,4522248,658715,0
461,172,137032,0,23990,650,5662,19522244,SOUTH,16704423,37572412,28564633,156362386
462,759,199193,1,6535,2566,31487,23971963,SOUTH,109039392,42901769,18480893,122607
463,1020,221759,1,11332,1932,25423,27867301,SOUTH,106922793,62877258,62849710,0
464,725,196592,0,18283,625,1778,10540708,NORTH,60698000,33129000,32644000,535829001
465,993,219356,1,7697,1503,5290,9015965,MidWest,22249161,30187245,2630702,0
466,455,167358,0,54360,1092,64459,8722149,NORTH,217091000,154983000,363406000,1344726000
467,223,141486,0,26800,114,1714,3332825,WEST,10328514,6170658,15077701,49066037
468,679,193973,0,33700,1540,3740,3614804,NORTH,10644249,14049468,47836735,91543815
469,1015,221351,0,50600,310,5074,1352248,SOUTH,9866320,17228243,57151419,88367055
470,177,137847,0,28802,2082,24886,7958032,SOUTH,20123387,28559258,82749427,211596886
471,672,193292,0,31330,1220,5043,4387689,NORTH,21065424,14227272,31749381,122701590
472,1107,232308,0,39360,750,3056,1139646,SOUTH,3257579,5240555,21528011,35551817
473,619,186399,1,12230,2272,13506,25403764,NORTH,92844000,39577000,23216000,0
474,374,159656,0,40288,1742,6259,5442508,SOUTH,9084000,12647000,76960000,103961000
475,512,174251,1,12324,1254,4190,2293207,MidWest,5791531,6443605,2663125,0
476,898,213321,0,38062,2018,3160,2590825,NORTH,5704234,11837164,35577659,67603454
477,769,199698,0,28680,1000,2343,1511696,SOUTH,1205681,7762100,193851,19587014
478,966,217907,0,30864,660,965,2484034,SOUTH,4298977,6381940,816152,27403658
479,299,152600,0,41940,1346,5991,3752245,MidWest,12353000,24338000,83857169,117188000
480,160,133809,0,17060,1000,317,645989,SOUTH,589828,1468822,1156643,20788242
481,853,209409,0,32100,220,415,966924,WEST,1634822,4224552,6782912,15199641
482,50,110370,0,50592,545,2625,1576745,WEST,8354000,8251000,28081062,80782000
483,899,213349,1,7716,3332,6830,10573120,NORTH,13383557,17884436,6894864,0
484,767,199582,0,10956,5928,5887,3569235,SOUTH,1638724,4355705,4717841,26627830
485,927,215691,0,19500,1150,1042,1067343,NORTH,3285089,3223540,3829230,19849956
486,32,106245,1,6495,3017,4363,14661940,SOUTH,21769313,9028815,5797178,0
487,257,147369,0,11520,2450,361,3365175,MidWest,5917700,5806400,13159904,110753755
488,238,144892,1,9036,2895,8999,10012844,MidWest,11839640,17401879,9442096,0
489,496,172264,0,27000,642,1263,3059073,SOUTH,2550210,10484688,22103295,37500983
490,1197,363934,0,16442,683,1367,2292958,WEST,266572,5646321,4062027,17130739
491,921,215114,0,29178,375,539,1459752,NORTH,1408000,4282000,11564000,23235045
492,480,169442,0,46170,1415,1739,2120147,SOUTH,4774914,6839555,23195486,56659778
493,486,170639,1,12456,288,1767,2682807,SOUTH,3822527,2947084,17073,0
494,554,178396,1,9330,1393,20641,22122279,MidWest,89392307,49506889,16209701,0
495,686,194958,0,32322,1178,1538,1960974,NORTH,2794402,7488003,17436816,39642866
496,587,181738,0,24240,1100,1292,1229785,MidWest,2127699,3509744,4488363,26907868
497,354,157030,0,8850,910,66,175392,SOUTH,64194,14429,66362,1890165
498,986,219046,1,7541,1131,1119,3679747,MidWest,5460565,7844357,459550,0
499,701,196024,1,7070,1570,4530,6941337,NORTH,4294971,5763866,5971441,0
500,474,168591,0,42352,270,2732,1870734,SOUTH,4376843,14227966,35487252,49337235
501,525,175078,1,7837,1221,1856,2916493,MidWest,5054000,11233000,1684000,0
502,472,168528,0,37755,975,4439,2747214,SOUTH,1208971,9991644,41490893,49318030
503,723,196291,1,7070,1452,1455,1847651,NORTH,14687526,7329880,1627726,0
504,1170,239390,0,31450,670,1296,1888730,MidWest,1594610,4012132,7178381,25280290
505,1051,226587,0,28530,90,1798,2874194,SOUTH,2497610,3127688,12277453,27963809
506,368,157863,0,26330,1670,1249,2652866,SOUTH,2468225,4734497,11854570,20406079
507,839,207388,1,5357,3662,17164,26288259,SOUTH,85843651,30609378,15247233,0
508,1160,238430,0,33070,700,736,1711449,MidWest,4317058,4249763,13032827,30439330
509,602,183239,0,41510,1300,3942,1114202,NORTH,6595333,15196739,45905304,82287496
510,1171,239512,0,37078,1518,1706,1062996,MidWest,613300,3921351,13912604,19969191
511,632,188030,1,6041,1260,13715,26467183,WEST,19889955,18387439,16347759,0
512,866,210571,0,25500,1188,5369,4057782,NORTH,2206160,9885098,18496528,49316735
513,815,204635,0,33470,970,4221,2210919,MidWest,6826052,12669120,53200419,89511616
514,653,191205,0,24900,695,717,1571624,NORTH,388773,1795326,0,12827375
515,987,219082,1,7541,1995,712,2575226,MidWest,4245070,6375592,408745,0
516,984,218973,0,46010,1640,4102,1310887,SOUTH,7119992,20250407,44393123,74662101
517,575,180461,1,5654,1717,18892,14988838,WEST,38117201,39398387,206791,0
518,860,209922,0,60310,310,5647,830608,WEST,14295261,13308290,29393734,102606510
519,812,204468,0,30050,700,2076,2937446,MidWest,2343689,8887407,19687060,26393836
520,433,165662,0,49536,908,13326,2964019,NORTH,26966993,28821789,52130599,218407506
521,1209,451370,0,10650,250,8,175898,NORTH,295598,213791,281221,1340179
522,924,215442,0,32560,1640,5411,5591645,NORTH,7451954,11788385,42493099,79852698
523,952,217420,1,8835,1425,4709,12560586,NORTH,15614671,13041821,8973511,0
524,752,199102,1,3540,3117,16366,31860538,SOUTH,34610867,8490233,11981471,0
525,492,171492,0,28020,1460,1056,3119237,SOUTH,671855,11024137,16443289,56311968
526,385,160904,0,23065,2757,9517,6851715,SOUTH,15941798,11431004,22758142,112508121
527,281,150774,0,32000,1250,644,609071,MidWest,898653,3210919,6255024,12147266
528,810,204200,0,31100,1100,1300,1865293,MidWest,4679158,10780258,14783967,43899244
529,483,170000,0,13740,1200,364,2975151,SOUTH,597983,3543487,2803138,12096476
530,282,150941,0,25956,890,1075,1595283,MidWest,2565940,7005937,11475478,32938923
531,437,165820,1,970,9595,2998,6485274,NORTH,11635206,20969605,2612299,0
532,1101,232025,0,34500,600,1781,2334764,SOUTH,3870564,8595724,23017629,43448926
533,1027,222831,1,4412,3495,3750,13153458,SOUTH,9342228,10881723,6805204,0
534,761,199218,1,4443,2738,13633,18611347,SOUTH,33432236,16523597,7991047,0
535,1182,240417,1,7014,2474,3393,7945292,MidWest,19113898,21430165,942967,0
536,1043,225548,0,25998,3200,1638,1531418,SOUTH,1023355,6389193,10475389,22215951
537,1175,240189,1,6519,1216,6046,12249432,MidWest,27373206,31960070,1859527,0
538,121,128106,1,6349,2242,2181,7132809,WEST,9515758,7676044,5818864,377476
539,577,180595,0,29976,610,1370,1370812,WEST,2159408,6617958,12731712,26875545
540,16,102049,0,33248,950,3867,1885590,SOUTH,13000955,29910623,60730000,174210922
541,1224,486284,0,15188,1226,164,749657,MidWest,560348,478535,3469050,14249823
542,1109,232557,0,14791,669,61649,86726063,SOUTH,75728595,227428913,293978883,802656400
543,726,196866,0,58956,546,7622,1409162,NORTH,13013584,19557516,51594012,130502278
544,629,187745,1,4446,280,81,1095738,WEST,1364653,1819538,0,0
545,293,152318,0,49479,1035,4376,1089007,MidWest,5130663,14533261,38222174,95364284
546,620,186432,0,37660,1100,4154,7852291,NORTH,6447651,15364044,45144156,73694533
547,991,219295,0,20995,380,383,821270,MidWest,1328374,3015889,3560621,14546961
548,106,125763,0,48924,390,5038,3128803,WEST,5081961,14028223,46168000,66458541
549,23,102614,1,7301,1868,1361,5588627,WEST,35917438,24895295,227243,0
550,69,112075,0,37250,750,3327,2114036,WEST,4552165,15461152,26311274,72194206
551,697,195720,0,34340,810,4409,3197741,NORTH,11428188,14835761,38997767,99007720
552,1113,232681,1,8678,4956,6018,3679345,SOUTH,13052045,9058314,3800770,0
553,892,212911,0,58402,498,4530,1014501,NORTH,9350093,16307246,30574669,109302962
554,764,199306,0,30550,1290,1796,2180119,SOUTH,3052352,5381732,14499096,26458753
555,103,123651,0,35850,700,4055,4273396,WEST,2157748,10038464,28231495,48939468
556,555,178402,1,9198,1587,5672,12565513,MidWest,42498181,20486913,4049252,0
557,1057,227526,1,7253,3846,7802,26767221,SOUTH,26868259,22959237,21825971,0
558,833,206941,1,6686,1131,4732,20775675,SOUTH,14357934,25378272,12686287,0
559,659,191676,0,33920,546,1004,1674461,NORTH,2132289,7931977,14025908,32012635
560,1167,239105,0,44970,696,15324,7595477,MidWest,55140000,72415000,184362000,441415000
561,74,115728,0,40368,536,1884,1549324,WEST,3811629,7958494,16742573,36422090
562,507,173665,0,43154,1991,4441,3811867,MidWest,10476172,15741372,42881051,80865333
563,1121,233718,0,21900,800,873,525090,SOUTH,1437071,3862554,4335144,27965482
564,218,141237,0,20928,1010,702,1343417,SOUTH,972513,6493710,7032368,22064737
565,1097,231554,0,25750,1820,905,2152349,SOUTH,2634750,5192483,7683343,19813407
566,1074,228802,1,6780,2280,3346,11347922,SOUTH,20081861,14967519,3404184,0
567,265,148496,0,34950,470,4342,4776461,MidWest,9104606,10254573,32458571,74726145
568,646,190664,1,6930,608,25621,39278065,NORTH,22618398,25219836,24698098,2154981
569,594,182917,0,23400,600,81,196505,NORTH,168300,170893,1717974,2928756
570,434,165671,0,42096,420,5450,2416566,NORTH,5984598,13204949,42330303,74015673
571,110,126562,1,7920,1481,9458,17063372,WEST,94111074,33540191,18271992,0
572,777,200156,0,22718,780,1356,1263709,MidWest,432588,5072215,12230585,25411014
573,40,107044,0,21000,540,2201,3905535,SOUTH,12441144,17547022,31249263,120769597
574,913,214069,0,34100,1840,1897,2143278,NORTH,5043167,11252339,27117580,61392518
575,276,150400,0,51736,974,5481,1723127,MidWest,13537040,19616990,60958242,109847185
576,339,155520,0,32122,750,1043,1816421,MidWest,1799145,5193147,13777580,32288464
577,1228,487746,0,8250,500,1,9640,NORTH,0,39373,40233,2544946
578,582,181215,1,6270,1670,5359,6658700,MidWest,8846570,6512784,1540665,0
579,185,138716,1,4064,1870,7655,18027613,SOUTH,7542697,6411050,0,0
580,775,200004,1,1000,3285,15036,17295027,SOUTH,19422469,12092426,4031690,6536441
581,649,190752,0,13000,750,17,26600,NORTH,0,174583,439543,4168262
582,1035,224527,0,26400,1240,1248,2655378,SOUTH,1238691,12494199,15391414,37773371
583,61,110574,1,5742,1148,13858,29595171,WEST,54293110,32869025,23566214,0
584,578,180692,1,4523,1224,860,2261365,WEST,1333204,3835482,156687,0
585,1172,239628,0,46823,300,2614,1221330,MidWest,1081124,5927158,21768520,29237653
586,387,161086,0,56930,2500,13922,1580047,NORTH,19905000,31112000,46204000,158385000
587,978,218654,1,10344,386,2096,4457016,SOUTH,6196302,5633494,4176328,16960
588,1116,232982,1,7029,3771,13651,34100218,SOUTH,55983753,22632373,30575698,0
589,251,146481,0,48920,902,4482,2499057,MidWest,4867597,13659805,47539934,61991498
590,1161,238458,0,33200,810,4116,2815350,MidWest,9848512,13785477,48656716,79365709
591,874,211361,1,7716,3392,3805,8571524,NORTH,8641572,18981111,4386709,0
592,307,153320,0,16990,660,250,588672,MidWest,389104,1163219,974690,7542097
593,193,139366,1,4371,1870,5336,12855594,SOUTH,18165197,10006336,0,0
594,502,173124,1,7976,1100,3043,5129323,MidWest,10552000,16024000,4039000,0
595,33,106342,0,28550,865,2062,1268296,SOUTH,2043510,7082902,16049889,26695592
596,846,207865,1,6368,1545,2132,7224609,SOUTH,4377782,6401364,4902202,0
597,57,110529,1,5742,1697,38026,63689792,WEST,49673121,43389845,52950628,0
598,684,194578,0,51754,2060,7601,2948048,NORTH,30463364,22128570,65254119,212491153
599,358,157100,0,20600,600,1559,1065240,SOUTH,407506,1756378,5888554,10647774
600,45,107558,0,24950,1000,1712,1643419,SOUTH,2230494,4439345,12862377,23774748
601,951,217402,0,53440,948,10817,2777075,NORTH,16797799,14784900,80541196,212353394
602,872,211291,0,57882,320,9890,1652515,NORTH,30657000,45101000,62240000,237562000
603,1081,229160,0,29026,4382,3208,3413567,SOUTH,4530069,12675868,24145829,58512049
604,68,111948,0,56830,384,14252,6600888,WEST,52105763,32436346,163922827,374358935
605,318,154095,1,7665,1273,5085,9953185,MidWest,29713614,12497234,2000,0
606,291,151777,0,33178,1258,4001,2075303,MidWest,5598190,7088259,21013629,42808989
607,46,107877,0,17100,1400,1228,1255697,SOUTH,731171,2661271,5128083,10191732
608,277,150455,0,47106,985,2198,1168446,MidWest,2392078,6963987,34393197,59020085
609,1145,237118,0,29000,220,2189,2180346,SOUTH,1280683,8434365,14079038,24138563
610,297,152530,0,36535,265,2177,1637463,MidWest,5839715,12094193,31757979,66200000
611,224,141565,1,7344,494,3152,5992574,WEST,9958463,10972764,8335,0
612,1000,219806,0,28200,1300,3022,3986797,SOUTH,2317476,11644514,26490945,42707445
613,801,203085,0,31700,600,1874,1680327,MidWest,1523465,7036254,19809754,33782773
614,364,157748,0,11400,496,343,0,SOUTH,3673812,7361828,907755,47095260
615,799,202763,0,35174,1310,3386,2336244,MidWest,7890762,12590137,47520341,81603563
616,366,157809,0,31780,1640,2646,2219144,SOUTH,1683408,9416218,20765081,32927525
617,0,100654,1,8610,1414,9855,19916507,SOUTH,7257779,27527791,176182,0
618,66,111081,0,52850,616,2254,1202616,WEST,8301679,5906248,22639267,71916390
619,778,200217,0,17980,1750,1391,2005526,MidWest,1640321,6103860,0,80797940
620,31,105899,0,27500,1750,778,1628821,WEST,2757526,7181767,10494088,21301937
621,831,206695,1,8966,202,8636,20869074,MidWest,21239474,14657550,5292302,0
622,294,152336,0,31144,1130,1676,3210398,MidWest,3916741,7440913,22085248,48970064
623,113,126678,0,60390,474,10257,1142173,WEST,21850566,29454433,40749836,162651595
624,245,145646,0,51132,204,3896,1753537,MidWest,3884957,7908793,43063013,70922432
625,415,164173,0,35204,2664,4177,4283462,SOUTH,1257517,18163437,52145678,82730818
626,161,133881,0,42346,900,9803,3678491,SOUTH,11895433,20285122,53976863,182091340
627,411,163851,1,7264,2780,8701,8413358,SOUTH,18994889,8619345,0,0
628,923,215293,1,18628,1050,32549,12959013,NORTH,270761856,175850302,225682687,2412683906
629,1233,491525,0,5760,620,23,148697,MidWest,22198,17346,8747,794338
630,822,206084,1,8736,1794,9673,21227169,MidWest,63831542,23364738,4890387,0
631,1154,237792,1,5790,1994,1651,4564615,SOUTH,3996851,4229404,3602301,0
632,980,218724,1,11460,180,14152,16394680,SOUTH,16943355,42628056,14017834,231277
633,247,145725,0,48610,1620,5033,4484710,MidWest,15375000,16988000,122722000,268053000
634,1139,236595,0,47565,825,7914,4144649,WEST,21777014,40199288,107682115,223796035
635,1136,236328,0,52495,280,5202,1853274,WEST,9658000,18536000,57566000,115996000
636,92,121691,0,52150,350,4900,4515696,WEST,13412530,27767746,79874443,141176774
637,381,160621,1,4973,4367,6935,21218751,SOUTH,20371117,7800781,952376,0
638,114,126775,1,16650,2450,12044,3464964,WEST,25294221,15906506,2153749,0
639,808,204185,0,32200,400,3422,2884998,MidWest,3780783,11476859,31354708,60717856
640,254,146719,0,45500,560,25453,14211103,MidWest,129382859,54104700,245234017,583729430
641,429,165334,0,48250,352,7153,2254979,NORTH,17383000,15538000,72713000,123609000
642,588,181853,0,19410,400,555,817024,MidWest,789061,2495141,4216611,10900092
643,178,137953,0,11980,1150,163,906229,SOUTH,455177,803034,731469,3889132
644,663,192448,0,37182,1954,14341,10993905,NORTH,46280691,45017844,92293433,305919989
645,389,161235,1,7350,1125,599,1368735,NORTH,2025000,3644000,277000,0
646,132,129774,0,32960,2112,1307,1283506,NORTH,1643065,5354090,9650795,20549436
647,785,200800,1,9596,2265,14553,20904421,MidWest,37118958,17177050,98,15964
648,1165,239071,0,16400,1250,282,1157850,MidWest,1463327,1726306,1619086,15842543
649,887,212160,1,7716,2828,3273,6065925,NORTH,12958751,13075653,4265986,0
650,289,151351,1,9815,1406,44129,28106070,MidWest,219042629,68710923,0,0
651,246,145691,0,34070,550,3781,2027886,MidWest,4510416,11571374,21014442,36103567
652,552,178244,0,27946,1414,765,3171603,MidWest,2692828,8571378,18016666,35130861
653,89,121257,0,55734,144,4260,728178,WEST,4452561,18004238,16823631,62027593
654,192,139311,1,4064,1504,2362,16019902,SOUTH,10703802,10265832,0,0
655,699,196006,1,7070,1656,5982,8579430,NORTH,3288445,7754423,7767760,0
656,1218,482936,1,3152,1788,1665,1899255,SOUTH,10330316,4609829,3267951,0
657,436,165802,0,31700,1000,2612,2537981,NORTH,1520284,4527547,9880621,22859294
658,700,196015,1,7070,1619,2961,8060649,NORTH,2226370,13660889,5863369,0
659,660,191931,0,39380,2200,10319,4394385,NORTH,8973000,22534000,56796000,103201000
660,651,190983,0,34578,1650,1695,1254802,NORTH,2547351,6712869,13294991,35203507
661,673,193308,0,14796,1560,4083,22459601,NORTH,3466094,25570202,35321454,94285926
662,146,131469,0,55961,88,26405,8134852,SOUTH,207339000,108142000,340440000,1744948000
663,118,127556,1,7787,899,8796,14421628,WEST,8021498,24492670,8538659,0
664,1187,240471,1,6428,1635,2782,6242297,MidWest,13956304,16624626,1202874,0
665,793,201885,1,9723,1678,23960,26854532,MidWest,153310718,60098096,6027033,0
666,710,196112,1,7070,1327,3053,4092149,NORTH,7317562,5726073,3875927,0
667,772,199865,0,37500,850,1273,1284674,SOUTH,2135966,5137682,14834829,27632588
668,692,195234,0,33152,1202,6373,5147857,NORTH,4069403,13169633,44672424,76476770
669,26,104151,1,10710,628,53516,97573231,WEST,420381000,180549000,3007000,23000
670,14,101879,1,9600,1020,2739,10211777,SOUTH,6760322,12747796,109026,0
671,500,172699,1,12094,923,16582,25557730,SOUTH,60709210,23153970,668327,27600
672,82,118888,0,29340,1430,824,1757544,WEST,6956277,9581902,11889307,60424616
673,757,199157,1,3728,2901,7496,19059087,SOUTH,22589771,5063862,9452032,0
674,1042,225511,1,8449,1008,28645,76162282,SOUTH,230412803,40413791,26602650,0
675,774,199999,1,3401,2540,5182,15367574,SOUTH,8059018,7339762,5881456,0
676,600,183080,1,11870,2622,7129,4975854,NORTH,9816835,11507283,414075,0
677,273,150136,1,9482,662,20167,28439660,MidWest,58409137,21915321,33179354,0
678,1094,231095,0,39000,200,46,291963,NORTH,75875,519098,3912216,5391270
679,466,168218,0,58120,328,6581,2692908,NORTH,24235000,51571000,67876000,229803000
680,1141,236948,1,10629,1116,43778,31909373,WEST,525499169,63097224,36911219,0
681,1082,229179,1,5537,2718,5824,19869930,SOUTH,35985069,16773427,10208605,0
682,867,210669,0,50480,500,4380,2615264,NORTH,6541154,19152631,55591176,74686646
683,447,166638,1,14187,490,14029,25448299,NORTH,46429000,37692000,7302000,49000
684,371,159382,1,4894,1774,2946,6190040,SOUTH,1644350,2293690,0,0
685,557,178624,1,5106,3394,8143,7921712,MidWest,4513453,15672807,2695387,0
686,271,149772,1,8712,4392,7603,13479661,MidWest,18147027,22912330,12292867,0
687,605,184348,0,39828,832,3989,2443673,NORTH,9483000,17163000,40888000,87694000
688,449,166674,1,1030,13170,2677,2560870,NORTH,7164322,6381082,1224732,0
689,1058,227757,0,50310,797,23455,2995398,SOUTH,40486964,88092731,139960000,785976000
690,523,174914,0,46348,1035,7128,5417535,MidWest,24715149,33534359,151293753,264467000
691,214,140960,1,4064,1838,10032,12501441,SOUTH,9465998,6497935,3191556,0
692,344,155937,0,26000,1300,1898,1188947,MidWest,965180,3512762,6474201,13418089
693,1078,229027,1,5724,2842,21597,56198530,SOUTH,89627997,38771341,0,0
694,147,131876,0,24700,410,831,3828023,SOUTH,3916405,6366688,12780458,35790186
695,412,163912,1,12116,3008,2604,1535791,SOUTH,2595623,10130663,0,0
696,780,200253,1,6691,1205,750,2564778,MidWest,2965393,8872216,20951,0
697,1215,482149,1,6892,2130,3692,10645992,SOUTH,65784989,8640773,0,0
698,342,155812,0,29750,1050,1375,1474130,MidWest,875257,6112452,10417148,24018137
699,173,137351,1,4559,1851,38696,69269049,SOUTH,155482712,69189812,84007979,712125
700,944,216764,1,7716,2707,14234,16403821,NORTH,43927783,24172736,10623736,0
701,1075,228875,0,51570,90,21145,6121934,SOUTH,60266000,145894000,199600455,563673000
702,305,153269,0,44188,178,6624,2522923,MidWest,22109395,28285335,72589959,148851220
703,543,177144,0,27315,425,1618,1850680,MidWest,316836,4772785,12793347,21462004
704,881,211644,1,7716,3433,2685,6218865,NORTH,9887388,12770626,3714331,0
705,746,198862,0,15917,2379,5395,4971743,SOUTH,2132379,4307805,3868914,31541036
706,906,213613,1,7716,3162,2413,4499545,NORTH,5864636,9785301,2885189,0
707,285,151290,0,27530,470,3396,2812210,MidWest,4244105,12858764,45842416,62434715
708,221,141334,1,4371,2150,6634,23203914,SOUTH,30775751,19135431,0,0
709,1016,221519,0,46960,272,4191,1226352,SOUTH,11357732,15861420,36996125,108154233
710,22,102553,1,7224,1526,3081,11549040,WEST,30436118,30382395,327450,267211
711,943,216694,0,25430,1070,1584,1859518,NORTH,3673137,5945109,15342256,40072555
712,116,127060,0,52596,1179,22723,4822558,WEST,96980930,58214211,195456126,517561837
713,955,217518,0,34402,2424,8775,3495707,NORTH,4958976,19128135,56224680,145107896
714,361,157386,1,8970,320,8684,13554369,SOUTH,8948869,20946670,10933347,0
715,95,122506,0,47800,1250,502,249819,WEST,1493000,1835000,12166000,29998000
716,1011,220701,0,23650,2200,664,1926385,SOUTH,862337,4879515,10260193,16695442
717,261,147767,0,58227,474,39263,7781217,MidWest,380112000,255538000,512945274,2459351000
718,971,218061,1,10384,776,4266,8978806,SOUTH,6267958,7308178,8385393,0
719,845,207847,1,6240,510,1009,6372959,SOUTH,2372571,6000443,302500,0
720,800,202903,0,6000,1150,86,529820,MidWest,12720,33061,0,4343737
721,179,137962,0,15200,1100,105,581285,SOUTH,378730,973961,794805,3688068
722,102,123572,1,5742,2210,13353,12986303,WEST,23235682,27348048,13733419,0
723,574,180416,1,5707,1690,916,1940236,WEST,3031844,4488998,91585,0
724,939,216366,0,40680,1035,4469,5305381,NORTH,64884446,17440136,66410441,5570678922
725,563,179326,0,24500,940,1542,4172905,MidWest,2443853,9265558,20345118,44313765
726,184,138600,0,43920,330,1838,2034928,SOUTH,8118443,10114499,27319761,59508095
727,467,168254,0,36606,2610,6235,3189658,NORTH,13737080,17665800,51489920,107698223
728,380,160612,1,5777,2512,6036,22456689,SOUTH,17098243,13323335,5691087,0
729,995,219471,1,7697,1635,3392,7359211,MidWest,34544786,22786777,1591409,0
730,71,112260,0,56190,285,5306,1162337,WEST,8303000,22249000,27531000,130522000
731,1185,240453,1,8091,1163,10738,29682350,MidWest,65795163,71190719,6850525,0
732,855,209542,1,9846,2012,17374,24655806,WEST,91839095,34437432,10925592,62160
733,346,156189,0,12000,2230,4024,1453982,SOUTH,1717725,2704208,2209689,15218353
734,798,202523,0,55420,1260,9079,1974311,MidWest,16010000,25368000,65690000,135166000
735,1123,233921,1,11420,2329,30771,19801601,SOUTH,119293837,29410278,23451863,0
736,29,105330,1,10243,1138,37386,38295244,WEST,44415022,78531430,171181,11586
737,1029,223232,0,44544,4702,33680,11220623,SOUTH,61401000,172186000,340249407,775781000
738,39,106713,0,15600,1500,530,1383014,SOUTH,854134,884829,3953352,9678600
739,504,173160,0,38870,160,1646,2711342,MidWest,10136173,12354525,43936579,100136744
740,157,133650,1,3152,2633,9472,25613253,SOUTH,55224285,10342288,5695110,0
741,658,191649,0,48315,1095,24062,6939467,NORTH,31885058,56865168,166491491,374428772
742,941,216597,0,56730,730,22083,3241511,NORTH,63959503,75716263,138240565,458178879
743,635,188641,0,31396,1200,4252,3441887,NORTH,8647393,12100450,33898494,74466973
744,1201,405058,0,10200,100,60,254019,NORTH,57098,884348,824880,6224809
745,394,161509,0,37580,730,797,691952,NORTH,1142819,1559025,7066033,16101767
746,52,110413,0,45500,482,5568,4742555,WEST,7050302,22817403,64780480,120481813
747,1143,237057,0,50000,408,4964,884220,WEST,12864567,15392214,34744530,91450591
748,359,157289,1,11966,196,17265,9520975,SOUTH,155312000,36477000,28090000,0
749,765,199412,0,35998,1334,3437,2143939,SOUTH,7054305,13893664,29910058,65372698
750,402,162760,0,41680,620,3425,2243818,SOUTH,3976864,9220198,25180000,43129582
751,421,164614,0,11400,1200,18,87804,NORTH,268837,2304,0,1492085
752,448,166656,0,33600,1050,4808,5458490,NORTH,18495856,26333126,49622514,187346969
753,677,193654,0,49820,466,8701,6012762,NORTH,94718000,39523000,144499000,427827000
754,284,151263,0,30888,1380,7893,8255833,MidWest,10327629,27617752,66130495,127209995
755,592,182634,0,42846,800,1888,1117500,NORTH,3505626,6915741,24553936,30868786
756,227,142090,0,12450,650,52,195011,WEST,166910,411252,468000,3114861
757,353,156745,0,39810,990,2712,1686324,SOUTH,3582495,7038607,27291281,31075684
758,9,101480,1,9720,1400,10932,15284630,SOUTH,8930333,22832049,0,0
759,1213,481225,0,6624,1130,4,27753,SOUTH,71949,44262,55000,1328546
760,30,105589,0,31944,1665,317,1033395,WEST,2142618,3976695,4318953,18227209
761,1105,232256,0,45690,2420,1906,732604,SOUTH,4824586,14197357,26928017,52408976
762,691,195216,0,58330,420,5952,2476536,NORTH,13255489,22020922,75450212,126675249
763,982,218742,1,11208,375,4385,13439163,SOUTH,10669817,13506778,12012188,0
764,791,201654,0,32364,200,5008,3139756,MidWest,17601140,9596034,48319308,91843845
765,334,155335,0,31450,1550,597,1660423,MidWest,1193481,5888755,16110575,25596126
766,462,167899,0,39170,550,3441,2280524,NORTH,3411520,14838782,50698245,106532890
767,7,101189,0,21000,1990,1572,5075304,SOUTH,2773551,9018481,12599710,43624987
768,517,174747,0,47332,1112,1845,1865537,MidWest,7415377,9470353,44815297,64421120
769,197,139719,1,4064,1768,5693,9062320,SOUTH,13640213,4756718,0,0
770,296,152390,0,44760,960,2412,1695378,MidWest,7554319,9028206,37705621,62465630
771,392,161341,1,7350,1235,700,1737424,NORTH,2381000,3845000,389000,0
772,969,217961,0,19500,1000,1720,844196,SOUTH,2216202,5244970,4273317,29532609
773,1104,232186,1,9510,3504,21198,36986644,SOUTH,99448885,39939237,31869644,0
774,1158,238193,0,29808,850,758,2772085,MidWest,2931551,6516016,12936129,37717647
775,804,203757,0,23600,944,992,2149818,MidWest,2126561,5526683,9636380,29398403
776,773,199962,0,38796,100,16841,5105735,SOUTH,5939061,18608225,66909770,83898688
777,510,174075,1,10438,1576,1616,2901205,MidWest,3462046,3754537,1961310,0
778,823,206349,0,34290,340,583,1139293,MidWest,1842696,5181403,8234180,23958556
779,122,128391,1,6816,3830,2625,2292853,WEST,4422362,7636645,1406036,0
780,688,195128,0,31450,1500,1740,2509404,NORTH,3689811,7505917,21924903,43407341
781,378,159993,1,5788,3282,4837,12347682,SOUTH,8765940,10272078,1798397,0
782,38,106704,1,6810,2528,5642,16271839,SOUTH,15591552,9203570,15031620,0
783,1085,229814,1,5748,2708,4992,13508127,SOUTH,16484300,11524371,6483813,0
784,1211,455770,0,32546,850,62,296035,WEST,411082,1735099,0,7388656
785,786,201104,0,22000,1060,3552,4643168,MidWest,11757768,18991929,27031615,107898339
786,162,133951,1,4721,1844,16904,112894409,SOUTH,129453759,84083695,67561957,0
787,67,111188,1,5742,1374,988,1225548,WEST,4408710,10849481,1217317,0
788,124,128586,0,9400,250,24,136235,NORTH,37314,322675,411509,2282473
789,551,178208,0,8170,850,233,1660627,MidWest,3922477,1898701,1356430,20040931
790,4,100830,1,7992,868,4606,11282206,SOUTH,4592684,7303651,105571,0
791,1091,230852,0,42564,220,3273,3746076,NORTH,14815789,11087634,38935936,86042654
792,533,176035,1,7425,100,516,6656170,SOUTH,11262555,5315693,1013176,0
793,1059,227845,0,48326,750,5203,6137189,SOUTH,20755347,17597944,78669050,113109087
794,300,152673,0,45000,850,1522,1081990,MidWest,5517185,12331029,25092987,55409095
795,611,185262,1,10445,2000,10138,26730908,NORTH,7135869,36406645,18916157,0
796,747,198899,0,30772,4280,1718,2621792,SOUTH,1043939,2790507,20199990,31575891
797,287,151324,1,9186,280,13477,18548296,MidWest,26950000,15133000,18981000,0
798,748,198950,0,39832,120,1674,2399456,SOUTH,7999147,5099898,28228644,57792051
799,427,165015,0,55340,1890,10223,2997603,NORTH,52000563,35856920,105601627,364444106
800,608,184773,0,32050,1590,1843,3084254,NORTH,7322968,10169296,19829334,46064927
801,932,215947,0,37396,550,2583,2250718,NORTH,3047214,8325023,34632450,52343018
802,830,206622,0,42230,230,14805,2939698,MidWest,12063000,22359000,91373000,199216000
803,842,207500,1,4788,4275,15451,23702783,SOUTH,80439000,29100000,28306000,0
804,506,173647,0,48250,530,4737,2881090,MidWest,4590770,15370013,62743017,84998815
805,356,157076,0,27320,1220,1771,1702230,SOUTH,1021129,5307568,11334242,18275472
806,399,162283,1,4648,2068,5873,6558996,SOUTH,8502375,6685416,182205,5500
807,1232,490513,0,10400,250,32,45665,NORTH,140693,258685,214697,1252598
808,352,156620,1,9266,610,9206,22205919,SOUTH,28013298,21927439,20140709,0
809,1142,237011,1,7377,1131,10219,15550542,WEST,19749204,27924330,20067247,0
810,1008,220604,0,10776,1300,221,3611820,SOUTH,825729,3750175,1299638,16487642
811,698,195809,0,42530,1600,27917,20487003,NORTH,58130000,49815000,283312000,468043000
812,968,217934,0,17791,800,786,2868317,SOUTH,1125083,4817519,257515,22490480
813,667,192819,0,39925,600,11715,4026762,NORTH,16276316,39426546,81249838,198988153
814,260,147703,1,9466,4926,16690,23883270,MidWest,41953396,26827857,32551197,0
815,1038,225247,0,29526,1838,2308,3133794,SOUTH,1618008,12017415,26808608,53090909
816,333,155317,1,10092,1074,15042,17853696,MidWest,77169964,44865000,7407849,0
817,153,132903,1,4478,1890,47957,105242129,SOUTH,117711560,64823909,126631734,0
818,396,161572,0,11280,1435,885,1416392,NORTH,5428436,3529096,6294022,23735757
819,787,201371,0,33952,550,1504,1214346,MidWest,2864011,4275002,12707567,21926550
820,501,173045,0,39295,710,2746,5797315,MidWest,5982659,16730077,46785232,86166804
821,816,204796,1,10615,903,49087,45655732,MidWest,237834882,89435791,14726390,0
822,1163,238980,0,29433,1344,823,2635705,MidWest,3734217,7302695,11640543,39462182
823,721,196237,1,7070,1052,5780,12120557,NORTH,5727063,10331113,7800338,0
824,373,159647,1,6401,3664,7087,11273461,SOUTH,18740593,7220519,2646747,0
825,590,182290,1,7901,794,9644,20879923,WEST,68900663,56064332,27634273,47718
826,312,153658,1,8073,1533,24132,19986485,MidWest,191504000,51400000,1974000,0
827,825,206491,0,12020,1230,2688,2419030,MidWest,393462,3394043,1168068,16923342
828,598,183062,1,11754,2884,5343,3693170,NORTH,12855124,11476650,248000,0
829,42,107080,0,49140,350,1775,1543058,SOUTH,4040318,9391724,30838058,49009653
830,645,190503,0,32000,2650,1777,3857786,NORTH,16527422,15037659,32386619,142395912
831,28,104717,0,16424,757,48918,124838879,WEST,124506573,439695909,263747125,1183376966
832,522,174899,0,38750,660,1922,2979487,MidWest,6520531,18422520,38177349,82215692
833,990,219259,1,7540,1210,1038,2098566,MidWest,4936021,8129402,304140,0
834,762,199272,0,31950,500,1277,1931723,SOUTH,2208107,5480447,10200810,23854399
835,1195,247773,0,7700,100,14,138557,SOUTH,569615,356514,676435,2674907
836,140,130934,1,7038,1320,11317,10102274,SOUTH,5234985,14721098,2287373,0
837,938,216357,0,31690,1830,1680,1558984,NORTH,1207328,6308471,14522884,24427578
838,704,196051,1,7070,1670,4528,7020989,NORTH,10272263,6111391,5125252,0
839,1036,224545,1,5925,1840,2458,4049769,SOUTH,5279871,5577847,1047627,684166
840,1112,232672,0,30690,420,7188,3350359,SOUTH,1798554,7240251,19723032,43795006
841,407,163338,1,5418,3140,8511,5860965,SOUTH,8698799,6133122,0,0
842,931,215929,0,46684,400,9291,3479861,NORTH,14286845,21290273,79110051,165100332
843,936,216278,0,50500,640,5497,2789541,NORTH,4963504,22200031,71329697,81360370
844,136,130314,0,39636,2100,1579,1566470,NORTH,3821000,6268000,16454000,70597000
845,1098,231581,0,36800,920,3684,2642156,SOUTH,6702065,12692074,42085879,50190989
846,1055,227368,1,7233,1684,12622,86812019,SOUTH,63768843,34780363,9014803,0
847,782,200332,1,8606,1427,7880,9062377,MidWest,36461458,43611878,130000,0
848,445,166513,1,15078,620,12970,18636496,NORTH,53098000,48098000,5373000,0
849,669,192925,0,31000,500,1330,3549476,NORTH,5933450,5099104,21094881,38964637
850,743,198695,0,33358,4722,11266,2107945,SOUTH,8868792,33991870,48447738,199361751
851,272,150066,0,31470,630,3905,2226939,MidWest,3890000,8996000,17484000,43975000
852,1168,239309,0,38050,1510,1448,1744898,MidWest,3666904,2714228,16310430,17688008
853,519,174792,0,47332,834,1595,1547650,MidWest,8934671,10316099,41912148,72602730
854,814,204617,0,32300,580,2190,1965514,MidWest,3064476,6949003,17776346,33604238
855,818,204936,0,32624,450,2849,3074158,MidWest,8095326,10644586,40670820,66186878
856,377,159966,1,4922,3024,3189,10692887,SOUTH,8141913,5650345,14022367,0
857,734,197993,0,15964,2549,2021,1149312,SOUTH,2345212,1431541,4438156,16055950
858,498,172440,0,23390,600,1259,867050,SOUTH,665250,4462161,3218356,13106234
859,614,185828,1,14448,3226,10299,16187762,NORTH,35962000,35812000,24155000,0
860,1169,239318,0,41820,1755,4059,2597386,MidWest,3610784,10697518,62442213,77659579
861,1128,234173,0,36010,900,2195,2351812,SOUTH,2408770,9169954,23892442,42821155
862,1087,230728,1,6732,1128,15949,48769658,WEST,50985023,29591421,1223483,7587
863,917,214175,0,53865,735,4543,1966637,NORTH,6374052,13961589,56862201,104582219
864,676,193584,0,34850,1660,3833,2631731,NORTH,7214705,15103903,33102090,84558059
865,959,217688,0,27800,40,4953,4848532,SOUTH,2224517,15630264,32117877,60174108
866,97,122612,0,51930,552,21477,9296731,WEST,32673000,54814000,123887000,378569000
867,662,192323,0,34910,1000,7248,4015699,NORTH,8188508,13429996,46674545,86395482
868,128,129020,1,14406,3428,34437,20506289,NORTH,185321791,50539995,10112234,0
869,1103,232089,0,36480,215,3206,2752008,SOUTH,1693505,7438633,21397026,29752925
870,859,209825,0,49424,220,12562,2675935,WEST,4442000,31057000,90887000,143691000
871,622,186618,0,32900,1976,1515,2175553,NORTH,2231512,4424381,12234999,27784943
872,544,177214,0,29900,1015,1603,2156451,MidWest,3719422,11514632,26903547,53752390
873,379,160038,1,5180,3492,4290,20684389,SOUTH,12256062,10152173,0,0
874,703,196042,1,7070,1325,7156,15915364,NORTH,17041698,18717715,11369167,0
875,203,139959,1,9790,2290,28206,26543062,SOUTH,166353017,50363902,1943134,0
876,343,155900,0,33100,150,1410,2202773,MidWest,2349538,890373,13722370,25799248
877,1062,228149,0,32700,1020,5210,4701455,SOUTH,10750808,17504048,45905612,101272464
878,654,191241,0,54730,1046,47936,9362641,NORTH,176904000,0,252398000,660060000
879,1155,237899,1,7912,525,3235,3834451,SOUTH,1881924,2111745,2355420,0
880,518,174783,1,7505,1274,5251,11685471,MidWest,23135000,26881000,7609000,0
881,779,200226,1,6025,1356,330,1155604,MidWest,873618,1720749,455974,0
882,234,144005,1,7488,3716,4151,6141930,MidWest,9163866,6837647,4522760,0
883,488,170976,1,16520,428,65021,28894388,SOUTH,469707000,129718000,0,0
884,237,144740,0,40551,651,27869,19033483,MidWest,61631000,74658000,252019000,537744000
885,549,177968,0,18000,100,2695,7287230,MidWest,13940874,34556274,38185775,137264886
886,400,162584,1,6700,2710,4335,7219232,SOUTH,12041921,5344821,110456,0
887,570,179955,0,33500,950,1585,922765,MidWest,2023278,6322990,15716876,33233381
888,232,143118,0,25600,360,2965,8519897,MidWest,11706759,15888778,38938712,91967461
889,794,202046,0,41490,2895,975,1323244,MidWest,3227461,3381960,12341458,22970244
890,682,194310,0,45832,1852,24902,11055154,NORTH,54962742,49475706,206727257,378355563
891,442,166124,0,54050,720,7087,2416420,NORTH,14201960,41335984,65887126,190029727
892,1166,239080,0,28100,460,1596,2360249,MidWest,3835733,7248503,16323532,30641668
893,718,196194,1,7070,1581,12277,14742165,NORTH,22389021,20050981,13946650,0
894,796,202170,0,36500,870,674,1955808,MidWest,2185716,2388176,17859475,29038201
895,98,122728,0,36000,1000,710,2029387,WEST,7762674,8605773,16004652,38394459
896,514,174437,0,25430,850,613,1808633,MidWest,2161980,1119716,9956205,26648294
897,1226,486901,0,34150,1450,518,1014934,SOUTH,1486645,5168341,15577247,28284310
898,511,174233,1,12194,1382,9190,9459568,MidWest,31122120,19788728,13528590,4995
899,1181,240374,1,6298,1146,2048,6685763,MidWest,11309678,14525977,1128123,0
900,217,141167,0,15940,1030,840,645511,SOUTH,570697,3524093,3211601,14469689
901,360,157377,0,24500,350,1043,2302158,SOUTH,1122011,4665495,7726330,20095752
902,558,178679,0,12660,940,274,1168359,MidWest,530047,1978052,1896211,11231585
903,499,172644,1,13024,1605,17093,38534862,SOUTH,101601000,48573000,2595000,0
904,1212,459949,1,4708,4193,10006,13876685,SOUTH,11136964,25031283,3883653,0
905,225,141574,1,11304,882,13240,16693156,WEST,105536332,41214885,3013303,64094
906,18,102234,0,39336,2532,2742,2145023,SOUTH,2534760,6783661,31228807,38976023
907,168,136172,1,3996,1968,16551,22120952,SOUTH,42008944,19146459,26036321,0
908,1238,495767,1,15025,488,95321,77461840,NORTH,382703000,199568000,234169000,7653947000
909,292,152080,0,57192,507,21253,4359955,MidWest,126085000,56790000,335613000,1280130000
910,1183,240426,1,6535,1605,1067,3210634,MidWest,5980245,10983119,220123,0
911,926,215655,0,30830,1300,4469,4370500,NORTH,10383363,22346698,45918313,123138187
912,397,162007,1,5647,2798,5168,12112366,SOUTH,20734064,13001474,0,0
913,1066,228459,1,8326,2529,25461,58618158,SOUTH,69229741,71464746,29998018,0
914,1090,230816,0,57350,774,1382,684219,NORTH,4244077,7115338,22224108,44953449
915,540,176947,0,25000,780,1310,2277347,MidWest,1631620,6465212,16423064,35474251
916,328,154749,0,30024,240,1034,883774,MidWest,1178434,4251853,7960372,13917668
917,795,202073,0,41557,2040,562,153949,MidWest,1464833,995036,9475194,18577228
918,848,208646,1,7830,1671,644,5711926,WEST,7859686,3161547,1321335,0
919,302,153144,0,46860,350,7041,2227385,MidWest,2880925,11399736,41988167,41580748
920,1194,245652,0,35000,760,476,435661,WEST,1433678,4922383,7762016,23678182
921,957,217624,0,12540,800,3490,3476682,SOUTH,1410515,4525172,1674540,17249627
922,93,122409,1,5742,1978,64784,53668461,WEST,75172959,102612918,45186313,0
923,213,140951,0,37575,500,14327,10539223,SOUTH,27454690,49801450,126166744,332672409
924,770,199759,0,8952,610,222,283242,SOUTH,5370706,1243921,2419515,31847132
925,337,155496,0,16350,900,143,300406,MidWest,344772,1130130,666475,5195500
926,425,164924,0,59050,1152,29382,6578761,NORTH,99961811,94200147,214632613,869739257
927,803,203580,0,31736,1436,1165,1377419,MidWest,2488088,6051617,14770071,22298033
928,212,140872,0,24228,1000,1142,2597226,SOUTH,1203980,7436658,13148007,32820363
929,618,186380,1,12230,2773,41263,51672739,NORTH,419022000,103515000,80285000,0
930,115,126818,1,9426,2388,28843,25844312,WEST,124306846,41812902,18026169,0
931,158,133669,1,2522,2357,25300,58837216,SOUTH,70431413,29101693,31474258,0
932,1231,490319,0,9100,150,16,79919,NORTH,0,118871,365958,668084
933,112,126614,1,10728,1738,44203,22986261,WEST,162318456,79943356,12300755,1291
934,36,106458,1,5232,2083,5836,16054097,SOUTH,17091756,11051800,12329791,0
935,105,125727,0,46980,1200,2493,1182116,WEST,4509519,11881402,32937419,67973722
936,1223,486196,0,10200,200,80,517870,NORTH,0,78984,591482,2440250
937,362,157401,1,7968,1200,9552,11964387,SOUTH,12806482,21940249,9208638,0
938,850,209056,0,54832,434,5620,1862616,WEST,11784700,15788946,63525922,122131778
939,716,196176,1,7070,1289,8843,12292013,NORTH,13765003,19885830,12968551,0
940,756,199148,1,4422,2981,9870,39627842,SOUTH,48162860,26734610,11547081,0
941,733,197869,1,4242,3168,18178,24383015,SOUTH,44338021,13671819,14236060,0
942,758,199184,1,6497,2861,1197,1161010,SOUTH,7301302,2720066,4981817,0
943,365,157757,0,25800,100,700,1801783,SOUTH,1191411,4694853,5750878,33939754
944,856,209551,1,10962,2374,28525,22987341,WEST,81624773,57474508,9205308,0
945,441,166054,0,21940,550,98,100862,NORTH,1029389,1057691,1423172,10542290
946,1044,225575,0,12569,2134,1903,1862988,SOUTH,1592252,3527746,1158042,22310766
947,1235,491640,0,8500,150,40,484303,NORTH,9870,671452,544723,1428549
948,565,179557,1,6779,1254,4871,13932106,MidWest,10042157,19545117,4270577,0
949,351,156365,0,24900,500,5130,6413559,SOUTH,6567573,28687758,25906191,100257638
950,490,171146,1,11868,454,4017,11179219,SOUTH,14685000,9474000,7000,0
951,249,146339,0,28840,1030,970,1865005,MidWest,1606389,4698797,11967778,22348245
952,476,168786,0,34386,700,1853,1839342,SOUTH,1911279,10192532,23472302,37896066
953,634,188526,0,36120,625,1693,1020477,NORTH,2393476,5840497,13742589,50302561
954,1176,240268,1,7361,1509,6202,9890413,MidWest,21901788,29070197,961718,0
955,406,163295,0,48510,680,2990,1726970,SOUTH,19891057,6439250,36677576,92621430
956,1152,237525,1,7190,1322,6718,18751555,SOUTH,30795197,17701571,15545299,0
957,164,134079,0,38180,800,9116,3075503,SOUTH,3171177,16440401,42959622,93463554
958,781,200280,1,8540,1736,5662,7298150,MidWest,39553074,37009021,4438229,0
959,454,167288,1,1030,10276,1355,2600277,NORTH,5663137,7072887,1038220,0
960,1122,233897,1,5693,5143,1010,3301451,SOUTH,5920109,2701723,4989023,0
961,1135,236230,0,45440,760,3306,4059041,WEST,5115000,10387000,64397831,92389000
962,1177,240277,1,6298,1575,3292,9146062,MidWest,14784746,19886153,934947,0
963,83,119173,0,43224,1250,1986,5849867,WEST,8852246,16973252,31811898,86898628
964,230,142294,0,32100,755,3677,1274553,WEST,2810811,9322180,25412151,33006893
965,295,152381,0,29950,1200,657,1948021,MidWest,2654520,2256553,9031722,20111445
966,652,191126,1,7170,623,4354,13184845,NORTH,41338307,17306617,7461422,0
967,70,112084,0,23022,1188,614,968575,WEST,996936,4150203,4995937,14209553
968,643,190248,0,34500,1500,786,2905580,NORTH,1566577,2958144,9188006,37449280
969,820,205957,0,29720,460,2074,2234352,MidWest,5788390,12613098,26387984,75631764
970,610,185129,1,12676,2062,6545,17823373,NORTH,11208171,22770744,15692932,85849
971,1012,220710,0,35448,844,2320,2343326,SOUTH,2483673,6311569,22173430,33399497
972,64,110608,1,5742,1275,27765,99218485,WEST,65163120,96560776,81934925,0
973,1159,238333,0,52858,490,3140,1411759,MidWest,4348565,8152370,35469256,42574974
974,1202,409698,1,5742,1401,11461,14634606,WEST,21798407,29349764,13166996,0
975,852,209287,0,27370,630,219,694366,WEST,1316000,3089000,3011800,16054000
976,988,219091,0,28700,1070,1218,1140504,MidWest,854176,5025824,9327866,18646705
977,1147,237181,0,28950,1890,1568,1170146,SOUTH,2407959,5799908,10562702,23922679
978,127,128902,0,58660,365,6882,1349183,NORTH,13853000,16067000,43358765,107475000
979,338,155511,0,30191,963,1785,1445482,MidWest,1000381,5597941,13738234,20103487
980,1,100706,1,9730,1608,5793,8533685,SOUTH,12878882,20821717,109283,0
981,1184,240444,1,9273,1469,45915,21371299,MidWest,257281028,150122744,6346025,0
982,539,176479,0,12600,1050,758,5382156,SOUTH,1428874,4286485,11736678,63519786
983,601,183211,0,33410,1100,1540,1513187,NORTH,3226860,5685019,14846070,34140092
984,308,153366,0,30650,670,2521,2319731,MidWest,1941919,7997680,15473887,35396790
985,585,181446,0,35964,890,2435,2527852,MidWest,5369000,9151000,32434000,43738000
986,965,217882,1,14118,1440,28600,15339939,SOUTH,86148836,55455601,64387119,0
987,1114,232706,0,33200,850,3046,2911642,SOUTH,12274194,12060368,24475751,91958542
988,410,163578,0,38295,1380,1554,1661283,SOUTH,1977881,6838702,12363434,42734885
989,171,136774,0,45130,4410,2420,2061232,SOUTH,17273726,8030585,19514126,81728064
990,417,164368,0,38568,210,1887,188281,NORTH,1568168,17948410,34456672,108817653
991,738,198507,1,1000,2260,2578,5851763,SOUTH,4525700,7786748,4352398,0
992,837,207306,1,6810,1073,1012,3774770,SOUTH,1072055,4107831,0,0
993,1188,240480,1,6698,1602,5882,10620522,MidWest,16377273,23854062,1219050,0
994,1037,224554,1,4790,5030,8577,17978650,SOUTH,16299649,15329688,8599787,0
995,603,183910,0,34900,1800,4141,3874648,NORTH,6086000,7236000,32056000,45568000
996,806,203845,0,35030,1010,2438,1353678,MidWest,4266182,8617862,24586456,50740343
997,882,211981,0,38070,2550,2091,2846747,NORTH,6159942,9656042,35198594,58244659
998,460,167792,0,57228,2791,215,452646,NORTH,2263552,4288042,12956404,22587454
999,43,107141,0,27048,1240,1422,2157927,SOUTH,6438591,9156448,19351886,48365104
1000,637,189088,0,55566,470,4969,2843265,NORTH,12378637,14458673,63643923,182191812
1001,423,164720,0,36300,3850,2759,2470854,NORTH,2265343,8108929,26387766,42935007
1002,727,197045,0,21560,550,3119,5177030,NORTH,6417773,17313289,14962491,84820936
1003,967,217925,0,23550,1100,448,1308027,SOUTH,2007653,9097654,7988008,45601357
1004,972,218070,0,51712,380,5194,1492263,SOUTH,23036824,30329244,65636575,163131431
1005,922,215132,0,26983,1700,3129,1883953,NORTH,7257121,19674961,25953776,94648578
1006,315,153861,0,16000,530,50,940541,MidWest,1911000,2376000,2689000,36441000
1007,376,159939,1,6090,2982,5382,12080449,SOUTH,11890306,10273979,1228754,0
1008,524,175005,0,33826,894,1677,5337964,MidWest,7573584,13850136,37815370,100051463
1009,332,155089,0,29670,450,1154,1986459,MidWest,2424108,7363004,11338094,27962242
1010,438,165866,1,970,10410,5695,6514613,NORTH,15578827,14531530,2936325,0
1011,1089,230807,0,37440,520,1921,2291990,WEST,8119084,12495200,33100039,60413428
1012,150,132602,0,13844,950,5938,11308635,SOUTH,2206494,7142330,14858129,80528346
1013,37,106467,1,5568,2100,7139,18505902,SOUTH,9554370,8413423,11739554,0
1014,556,178615,1,7975,324,3839,4145705,MidWest,6532518,10511760,0,0
1015,925,215637,0,19650,3900,404,677100,NORTH,35597,35258,0,9164558
1016,750,199032,0,28500,250,861,1439463,SOUTH,1052994,4617153,9537366,19645823
1017,1127,234164,0,10530,3000,6208,4087227,SOUTH,2720878,2932780,943869,38081166
1018,981,218733,1,9528,1532,3128,7850967,SOUTH,4662221,11318058,3059428,0
1019,954,217493,0,53820,1070,4001,1616694,NORTH,20623692,10059490,27319133,159273773
1020,1119,233426,0,45200,1670,5296,2327235,SOUTH,3335042,13476113,55252021,66211855
1021,724,196413,0,53432,1656,32005,11896583,NORTH,132869470,158215423,351683924,1052261995
1022,821,206048,0,27210,400,4738,3861909,MidWest,3278995,13482380,22033777,44423635
1023,409,163462,0,42200,1450,6543,2147231,SOUTH,5624260,9149122,43554403,69244297
1024,143,131159,0,50542,819,20036,4743940,SOUTH,75185000,54545000,170186000,628110000
1025,717,196185,1,7070,1670,12004,9858031,NORTH,14402951,11443729,11774458,0
1026,526,175272,1,7712,2068,6804,7267918,MidWest,16156000,15931000,5494000,0
1027,583,181330,0,34778,750,1967,1836741,MidWest,549306,9289993,21724247,28728169
1028,975,218414,0,25650,2500,2163,3052909,SOUTH,1853190,8257652,18308380,31002302
1029,566,179566,1,6840,1098,9591,23296409,MidWest,27351801,13500950,9370801,0
1030,440,166018,0,50030,1738,1202,1151138,NORTH,4922647,5004572,20497670,40383530
1031,174,137476,0,31800,1140,5649,3560674,SOUTH,5257264,10532557,26234244,55274768
1032,1118,233295,0,42490,1450,2684,1376538,SOUTH,4474781,12344138,40951401,55766640
1033,123,128498,0,34410,1000,1697,2728330,NORTH,3399233,8299472,10609568,32016824
1034,138,130590,0,56380,2670,5952,1414192,NORTH,9468217,29093907,59640621,163216358
1035,879,211556,0,38482,1420,2505,1654239,NORTH,2320223,17483291,23619940,69204197
1036,732,197744,0,13350,100,12,455164,NORTH,170778,136622,922865,5815750
1037,624,186876,1,12245,2084,7262,17390873,NORTH,31941877,28967856,17261356,0
1038,784,200572,1,6119,1823,464,1220548,MidWest,2172229,2033442,575428,0
1039,182,138354,1,3735,2041,7232,15217358,SOUTH,33800879,12765918,12761240,0
1040,617,186371,1,12230,2647,9879,12494951,NORTH,35871000,22200000,10865000,0
1041,690,195173,0,26688,110,5492,5510540,NORTH,6540820,14671143,34397061,58858017
1042,240,144971,0,27450,910,1100,907256,MidWest,646431,3515986,4868419,15104597
1043,458,167729,1,910,10765,6557,10780504,NORTH,17728372,20138169,3516728,0
1044,681,194161,0,25000,500,261,2408307,NORTH,2921327,9396862,12721592,39470973
1045,465,168148,0,59560,1302,23127,3392454,NORTH,206212813,34609318,144531377,959685947
1046,145,131450,0,16512,526,412,3051605,SOUTH,15578534,12122590,7111660,152033967
1047,206,140252,0,12105,1491,408,1505000,SOUTH,2575735,9440107,1246650,74006143
1048,1077,229018,1,2530,2306,1389,6175462,SOUTH,10030247,4588843,3120423,0
1049,324,154527,0,43500,2180,4795,1548147,MidWest,3803942,12875428,37829762,49482678
1050,657,191630,0,57400,1250,3931,1907898,NORTH,10482885,24330596,55605026,104720372
1051,1137,236452,0,39500,440,1704,2376033,WEST,4532348,9278816,23865649,42507779
1052,714,196158,1,7070,1422,5754,8550324,NORTH,8866108,11031660,9640355,0
1053,1148,237312,0,23000,1200,2806,3126280,SOUTH,2998690,9527728,19830823,46777056
1054,79,117751,0,27950,790,1924,1675792,WEST,2845305,8646095,8695232,41056805
1055,1133,235316,0,46060,860,8409,2666767,WEST,28765000,58031000,114943000,237985000
1056,687,195003,0,47352,676,21928,18255482,NORTH,63793000,57586000,233063000,597831000
1057,166,134130,1,4477,1904,48193,46046513,SOUTH,247609000,48665000,180670000,0
1058,229,142285,1,6182,2122,9938,11787273,WEST,25162065,22312904,4894414,0
1059,1198,384254,0,42600,300,473,655944,SOUTH,2401221,3225050,4567918,18259253
1060,1100,231712,1,9100,5824,7311,2765897,SOUTH,14066188,10523398,9472666,0
1061,740,198543,1,2982,2327,4611,15612568,SOUTH,11765749,5790881,7557269,0
1062,100,123457,0,32700,930,1276,1655657,WEST,1099353,7780811,9600311,21891224
1063,290,151379,1,7067,648,2549,6647072,MidWest,4889171,4634605,0,0
1064,444,166452,0,29200,350,2879,2953201,NORTH,14494708,12227762,20946356,104195091
1065,878,211477,0,17784,930,274,1976437,NORTH,1522794,3869585,799196,17970225
1066,739,198516,0,37414,507,15306,2620313,SOUTH,8339570,45943422,56564846,253503917
1067,391,161299,1,11030,3028,1147,1202816,NORTH,1798071,5467696,0,0
1068,86,120865,0,31101,915,1543,1839188,WEST,3187430,5236562,12394365,46154233
1069,1237,494685,0,4776,780,85,202088,MidWest,313687,853465,41905,2692694
1070,666,192749,0,38880,1450,3200,1851911,NORTH,6021063,11927425,37342980,60598873
1071,1117,233277,1,7922,3494,14994,14495895,SOUTH,15741665,13208722,11894627,540000
1072,475,168740,0,29808,1200,1429,1877157,SOUTH,14244466,6396130,37813299,100048153
1073,44,107512,0,28480,640,2524,2062427,SOUTH,1836948,9738875,25468198,44976198
1074,788,201441,1,9463,2110,17341,17324541,MidWest,31643699,18694313,5339087,0
1075,1002,219949,0,24336,1050,2872,3419143,SOUTH,439343,5821657,17451910,29005672
1076,24,102632,1,7250,1602,488,1130513,WEST,5980831,4586905,118511,0
1077,832,206835,0,27424,1500,2376,1498555,SOUTH,721382,4828728,6710222,19573582
1078,591,182458,0,34319,1189,814,507139,WEST,2434625,2885400,5730134,14353452
1079,1219,483018,0,35461,1094,188,315457,MidWest,1367437,2140762,2377271,13475845
1080,973,218229,1,10700,1000,5627,6796195,SOUTH,3485798,10130193,9929642,0
1081,1056,227429,0,7392,2600,1403,2354487,SOUTH,3768537,2167885,2298165,13621383
1082,109,126182,1,5856,3704,1690,3726086,WEST,3298216,11508007,2345505,0
1083,222,141361,0,28612,1055,2216,1589091,SOUTH,2742035,6490178,18387724,29002834
1084,1052,226833,1,5708,3873,4025,9831724,SOUTH,13734678,17573654,4431574,0
1085,722,196246,1,7070,1504,9009,9087368,NORTH,10120990,15163394,8786034,0
1086,55,110495,1,5742,1860,7136,27884528,WEST,18039797,23786824,26730544,171312
1087,1221,485999,0,9850,200,39,302986,NORTH,0,269845,603024,5340169
1088,253,146676,0,18300,1100,1403,3251845,MidWest,2045269,4059637,6175486,20068912
1089,1072,228769,1,8910,2468,14620,54702006,SOUTH,63222840,97759722,0,0
1090,642,190150,0,57864,2668,40462,9574516,NORTH,107487000,185141000,492512000,5037252000
1091,545,177339,0,23722,1315,896,3369966,MidWest,1141883,6424398,19684752,38010608
1092,477,169080,0,37600,206,3199,2690852,SOUTH,12052000,20103000,57799000,116382000
1093,949,217059,0,19670,2030,5798,4646415,NORTH,13196411,12683018,26193619,104422008
1094,843,207582,0,29700,1230,3956,6336781,SOUTH,3998040,12795366,43999082,104654890
1095,63,110592,1,5742,1043,31442,78536912,WEST,49167091,30365144,62794533,0
1096,413,163976,0,35000,935,777,550723,SOUTH,1566371,5238859,9211302,27015297
1097,384,160755,0,54766,4086,43892,3783060,SOUTH,189486000,87611000,202284000,1056669000
1098,974,218238,0,25200,1100,2179,4202307,SOUTH,1558501,10445084,12068199,38345268
1099,884,212054,0,53868,2370,31237,17315037,NORTH,76400000,74147000,354038000,958079000
1100,451,166939,0,54400,218,3480,2018199,NORTH,19839656,19654164,53078775,147659547
1101,656,191621,0,23495,1035,1086,1477611,NORTH,693554,3740183,5904292,15240846
1102,369,158802,0,17410,1871,5783,4513810,SOUTH,5790595,6360769,11280987,38370573
1103,689,195164,0,35450,1065,3014,2313681,NORTH,10408322,17982153,38682970,62205637
1104,219,141264,1,4371,2212,9887,21024380,SOUTH,13130750,18654016,0,0
1105,1164,239017,0,50658,300,3028,1613497,MidWest,4755958,13084566,40951488,70763904
1106,21,102377,0,19594,3020,11113,6906993,SOUTH,5485588,9052996,18376116,127114367
1107,760,199209,0,32400,350,3358,5107741,SOUTH,1668031,6806915,23175048,32403046
1108,869,210775,0,36680,1350,3683,3395842,NORTH,6988135,9164828,25973321,62530472
1109,420,164562,0,43178,800,4968,1616366,NORTH,6450171,12651804,47313793,67021746
1110,199,139764,1,4064,1400,2598,4615446,SOUTH,3958033,4037248,0,0
1111,450,166850,0,42401,2673,10934,3114017,NORTH,11936138,31601291,83897609,138537866
1112,1019,221740,1,7836,1820,7938,16039459,SOUTH,23307738,34106143,25772948,0
1113,911,213996,0,36340,840,2549,2296808,NORTH,9089314,21100599,41942582,99519612
1114,696,195474,0,39200,300,8326,3673010,NORTH,9724121,18669293,62368734,99346328
1115,811,204264,0,28700,790,2237,3027493,MidWest,1737853,7384510,22390931,39396849
1116,1214,481410,0,11000,300,53,144002,NORTH,0,272965,141014,1295620
1117,910,213987,0,38580,2770,3457,2877435,NORTH,21726165,16361475,56444473,99015715
1118,1049,226383,0,24060,200,373,2207114,SOUTH,1461954,6496692,11327133,32844807
1119,505,173300,0,42750,516,4024,1856194,MidWest,5840808,11682492,44732898,88888367
1120,1124,234030,1,12179,2531,17253,31679728,SOUTH,126993313,24547241,37343432,8730
1121,405,163286,1,8824,1955,32147,26541324,SOUTH,227593651,63263441,13966,57395
1122,317,154013,0,34506,1000,1160,2324151,MidWest,3696247,7299400,17517849,33156066
1123,183,138558,1,2563,1002,2403,7135499,SOUTH,9278544,4188527,3336408,0
1124,1120,233541,0,32510,1320,2646,2033784,SOUTH,13385303,14752855,26870330,103198514
1125,1153,237640,0,22400,150,289,478699,SOUTH,527226,1758432,1925764,16089460
1126,609,184782,1,9573,3366,14763,24852936,NORTH,60625978,42035169,26007246,0
1127,626,187134,1,13239,2790,13199,6149088,NORTH,21881000,27967000,8373000,0
1128,485,170301,0,36300,350,3907,2320267,SOUTH,10278000,18255000,38423000,114882000
1129,278,150534,0,37500,1186,4709,2013258,MidWest,4930596,13252799,42355803,68034848
1130,630,187967,1,7031,1330,1754,2138807,WEST,3616192,2285226,2363343,0
1131,20,102368,1,7800,1108,7018,23420075,SOUTH,18429461,39633247,424218,0
1132,170,136330,0,32880,596,1581,3878684,SOUTH,5056000,12292000,35145000,79270000
1133,901,213367,0,31350,1075,6151,6743242,NORTH,13455038,19107416,47379000,109467077
1134,1039,225399,0,32350,2150,8723,6304857,SOUTH,5778044,10055232,50330253,75957335
1135,176,137564,0,26520,1000,5689,11777538,SOUTH,13135879,22378521,1266437,90582897
1136,327,154721,0,28620,1960,1689,1844766,MidWest,889429,5050021,14168514,17376856
1137,706,196079,1,7070,2944,38116,19382308,NORTH,63971845,32769055,27002417,0
1138,470,168421,0,53100,1116,11269,2186767,NORTH,21341000,27610000,99179000,294330000
1139,1146,237136,0,13740,1796,119,411905,SOUTH,344155,790383,1317559,5183506
1140,266,148627,0,33630,1100,8306,7702844,MidWest,5803477,10322589,51351388,59815431
1141,615,186201,1,12414,2538,7980,7272882,NORTH,7093000,18770000,7366988,0
1142,130,129242,0,50550,775,12586,2099873,NORTH,16446538,31869323,90265205,209832690
1143,865,210429,1,8280,1914,3566,7486692,WEST,10439254,8496808,3712209,0
1144,1193,243780,1,9208,784,57510,24670132,MidWest,129273820,60940335,210677,0
1145,1149,237330,1,8050,335,1639,3598627,SOUTH,1356755,2837128,2762770,0
1146,489,171128,1,17339,306,7476,6082448,SOUTH,24729827,16301852,3957000,0
1147,606,184603,0,41154,1086,4042,6729998,NORTH,34638000,40335000,115933000,214496000
1148,416,164216,0,47724,490,2901,1368739,SOUTH,3336280,13258226,33084635,63763053
1149,152,132879,0,16400,1230,193,554255,SOUTH,271153,1013202,362975,5532320
1150,889,212601,0,34575,966,4442,4131572,NORTH,9224000,17476000,51168000,94080000
1151,849,208822,0,37840,530,2685,3230456,WEST,4234028,12026483,39588274,89490772
1152,279,150604,0,33754,200,2073,1586095,MidWest,3823657,7543115,15937909,30465549
1153,1034,224323,0,41660,3500,4645,1658799,SOUTH,7140000,8788000,40391000,59730000
1154,269,149505,0,31700,475,1208,1400536,MidWest,2577350,7173916,12441405,30762962
1155,96,122597,1,5742,1264,31430,56180051,WEST,58100743,49083081,45663300,0
1156,210,140720,0,12705,1890,2403,1931995,SOUTH,183009,1711329,1063456,15309549
1157,569,179946,0,28330,2550,933,1034728,MidWest,1990548,4664253,10456482,21785625
1158,1199,384421,0,11700,250,26,124124,NORTH,58683,58683,1031984,3100017
1159,871,211158,1,7716,3242,7292,11265512,NORTH,14004763,17660428,7810354,0
1160,532,176017,1,8718,110,16383,20622671,SOUTH,67115376,24644669,10817106,0
1161,1196,262129,1,5227,1689,1382,849981,SOUTH,4695111,7023288,3011949,0
1162,1099,231624,1,17168,6194,14201,3557770,SOUTH,51133173,19046395,52625296,0
1163,712,196130,1,7070,1358,13313,20169792,NORTH,22686528,14203579,14127148,0
1164,77,117140,0,44700,1150,8212,9313491,WEST,18493785,19889988,55922700,152853312
1165,263,148016,0,29970,750,74,0,MidWest,3587387,8330924,8717829,45471210
1166,1234,491622,0,12000,150,35,223850,NORTH,81114,643492,931387,1915391
1167,149,132471,0,30600,340,10671,8846496,SOUTH,6710398,14683461,58463372,138900527
1168,469,168281,0,55904,462,3580,1598274,NORTH,5082494,14802542,59952522,81178142
1169,564,179548,0,23175,210,644,1107681,MidWest,1431912,2798126,6880274,22023585
1170,461,167835,0,53940,284,5249,2590782,NORTH,37837095,33477957,70687850,234578827
1171,896,213251,0,48350,825,2757,1713782,NORTH,5122756,9995140,39051373,50642192
1172,695,195438,0,10000,560,1,38493,NORTH,61970,731837,1186656,5103749
1173,928,215743,0,38728,1200,1904,2035563,NORTH,1795410,14144577,29422388,62313364
1174,586,181464,1,7770,1792,17495,18733704,MidWest,81112563,21977094,4772616,60
1175,243,145600,1,12105,3322,22798,53093609,MidWest,214902543,80687435,96110525,0
1176,1111,232609,0,40910,970,3694,2665633,SOUTH,4720110,12058721,40658241,75088462
1177,751,199069,0,21194,1000,2237,5387666,SOUTH,3647685,13088592,11418296,39369846
1178,648,190725,0,29700,660,2902,2693096,NORTH,5159481,8578966,26856522,51192900
1179,595,182980,0,25439,1220,6909,4370946,NORTH,4930522,12856149,29042441,55364418
1180,313,153825,0,33500,1718,2482,1523751,MidWest,4184018,9730801,25331246,41339817
1181,933,216010,1,9570,3824,6760,7465084,NORTH,16743774,16752372,5829527,0
1182,155,133526,0,14878,220,5364,4124477,SOUTH,2820166,3869095,1927873,23200847
1183,1150,237358,0,29280,680,992,1781766,SOUTH,892679,5001491,14265401,20998533
1184,999,219718,0,12351,1260,1717,6867774,SOUTH,1903210,9874895,12585924,43125765
1185,1046,226091,1,6129,2462,7512,17160368,SOUTH,47881552,11073140,8571894,0
1186,25,102669,0,20350,410,428,593483,WEST,408756,3101875,2947130,16024724
1187,196,139658,0,53070,798,28211,6803400,SOUTH,165695000,98691000,293415000,6577807000
1188,1088,230764,1,7412,1203,18419,26692829,WEST,191957000,80434000,735000,843000
1189,15,101912,0,18974,1016,1135,3663289,SOUTH,3927896,5565380,7367675,57843238
1190,883,212009,0,55948,550,5375,1410767,NORTH,11332099,19414784,56757622,124491080
1191,621,186584,0,42920,2370,20830,8077987,NORTH,44924000,52446000,128768000,307527000
1192,1050,226471,0,26600,2200,11243,5888860,SOUTH,5694374,17007666,31050696,85339297
1193,1067,228468,0,22176,660,1342,1582525,SOUTH,736111,2244470,4176434,18478422
1194,497,172334,0,29872,600,1504,2103714,SOUTH,3082046,14959206,16004298,53384937
1195,792,201690,1,4306,2420,10191,8884069,MidWest,7741160,5995200,0,0
1196,964,217873,0,16476,570,9261,7437575,SOUTH,3614530,5280604,6127996,52343915
1197,515,174491,0,32490,710,1080,2548274,MidWest,4130751,11989063,17669807,82423015
1198,1095,231174,1,16392,2670,18569,7370435,NORTH,89755000,51185000,0,0
1199,542,177117,0,21300,1470,555,603635,MidWest,2676072,2495385,3240733,18504553
1200,456,167394,0,36596,1795,1479,2449743,NORTH,1378764,3907055,13786309,28114299
1201,633,188429,0,39820,1615,15329,6925058,NORTH,24725783,36046639,82650603,231203246
1202,431,165574,0,41118,200,5919,2117057,NORTH,3629465,10328766,25813549,41300430
1203,627,187444,1,13638,132,10402,19869991,NORTH,19926777,28286911,15871535,1064987
1204,728,197133,0,60030,980,8663,2693457,NORTH,28368212,23685470,58195950,196941351
1205,209,140696,0,40880,280,2386,2608626,SOUTH,1958854,10977732,31302983,31663378
1206,316,154004,0,32460,1510,3388,1651499,MidWest,2857942,8535721,20555092,38036316
1207,513,174358,1,7632,1348,3688,5506780,MidWest,14506000,14902000,3674000,0
1208,829,206604,1,9469,50,5226,15277713,MidWest,28354332,14259814,7259768,59292
1209,319,154101,0,32700,220,1136,1018433,MidWest,5383107,6864269,18220456,31939341
1210,1031,224147,1,4719,4834,8540,18568908,SOUTH,35321040,15293196,13006700,0
1211,141,130943,1,12730,1930,33656,13202396,SOUTH,86265883,44090951,192213742,1078948142
1212,1110,232566,1,8180,5730,6724,4474526,SOUTH,7366742,4494429,5930174,0
1213,753,199111,1,4122,3122,3115,5737778,SOUTH,5221092,6727875,3382873,0
1214,1001,219833,0,33900,980,4325,2666433,SOUTH,4326581,5057781,25966196,41500125
1215,580,181002,0,41176,1842,8682,2259216,MidWest,79690000,28448000,101611182,397358000
1216,562,179265,0,29547,600,349,600786,MidWest,3986858,9152063,6783108,52145336
1217,398,162210,0,23400,1800,2017,2174646,SOUTH,2117304,4135380,9371171,29602314
1218,668,192864,0,35680,1730,5270,2490846,NORTH,4270093,11632783,22092001,61933135
1219,252,146612,0,34268,210,6458,6727273,MidWest,839919,18710118,49461997,111860081
1220,907,213668,0,41984,730,2917,2470898,NORTH,4140265,8993606,33832148,44288962
1221,468,168263,1,970,10169,4049,7198030,NORTH,14955788,17668765,2735276,0
1222,914,214148,0,43320,1486,1199,763788,NORTH,1299206,1162366,6792247,16412326
1223,357,157085,1,11135,1349,19648,22617980,SOUTH,127079264,50088265,30071750,0
1224,1205,441937,1,5742,1075,10040,16836503,WEST,26102368,19349663,15889171,0
1225,508,173920,1,7504,1062,10411,12557361,MidWest,32503000,34498000,9217000,0
1226,749,198969,0,35336,700,2964,2740111,SOUTH,2181424,9696152,24401790,48089883
1227,129,129215,1,6162,6142,5182,7273145,NORTH,15941983,20050631,1095581,0
1228,144,131283,0,48600,816,6258,1771371,SOUTH,15634790,31756535,101965358,235434000
1229,960,217721,0,14600,2600,8114,8095445,SOUTH,2451209,9454847,11486841,48876882
1230,847,207971,0,42950,500,5815,3556963,SOUTH,34048180,15505883,99887687,205409147
1231,715,196167,1,7070,1786,10250,6421008,NORTH,5515402,10742866,10434955,0
1232,905,213598,1,8026,3240,3871,6477195,NORTH,3001877,8569656,7564957,65020238
1233,1096,231420,0,36520,150,2652,1936057,SOUTH,2163681,6493867,16824174,28387646
1234,235,144281,0,26610,1176,8061,11046566,MidWest,22335583,31840497,51917500,184832996
1235,1061,227881,1,5856,2880,12025,36764255,SOUTH,54253328,36260981,19465424,0
