UNITID,STABBR,HLOFFER
100654,AL,9
100663,AL,9
100690,AL,9
100706,AL,9
100724,AL,9
100733,AL,9
100751,AL,9
100760,AL,3
100812,AL,7
100830,AL,9
100858,AL,9
100937,AL,5
101028,AL,3
101116,AL,7
101143,AL,3
101161,AL,3
101189,AL,9
101240,AL,3
101277,AL,2
101286,AL,3
101295,AL,3
101301,AL,3
101365,AL,8
101435,AL,5
101453,AL,7
101462,AL,3
101471,AL,3
101480,AL,9
101505,AL,3
101514,AL,3
101541,AL,5
101569,AL,3
101587,AL,9
101602,AL,3
101648,AL,3
101675,AL,5
101693,AL,9
101709,AL,8
101736,AL,3
101879,AL,9
101897,AL,3
101912,AL,7
101994,AL,3
102030,AL,3
102049,AL,9
102058,AL,7
102067,AL,3
102076,AL,3
102094,AL,9
102234,AL,8
102270,AL,5
102298,AL,7
102313,AL,3
102368,AL,9
102377,AL,9
102395,AL,9
102429,AL,3
102553,AK,9
102580,AK,5
102614,AK,9
102632,AK,7
102669,AK,9
102711,AK,2
102845,WA,5
103501,AK,3
103529,AK,9
103741,AZ,2
103893,AZ,3
103909,AZ,3
103927,AZ,3
103945,AZ,3
103954,AZ,2
103963,AZ,2
104090,AZ,7
104151,AZ,9
104160,AZ,3
104179,AZ,9
104188,AZ,7
104346,AZ,3
104391,AZ,2
104425,AZ,3
104434,AZ,2
104443,AZ,2
104568,AZ,2
104577,AZ,3
104586,AZ,7
104665,AZ,7
104708,AZ,3
104717,AZ,9
105136,AZ,4
105145,AZ,4
105154,AZ,3
105206,AZ,3
105215,AZ,2
105297,AZ,5
105330,AZ,9
105349,AZ,3
105367,AZ,9
105428,AZ,4
105525,AZ,3
105534,AZ,5
105543,NM,3
105589,AZ,9
105659,AZ,3
105668,AZ,3
105677,AZ,1
105747,AZ,3
105792,AZ,3
105899,AZ,5
106041,AZ,3
106111,AZ,2
106148,AZ,3
106245,AR,9
106263,AR,9
106306,AR,5
106315,AR,2
106324,AR,2
106342,AR,5
106351,AR,2
106360,AR,2
106397,AR,9
106412,AR,9
106449,AR,3
106458,AR,9
106467,AR,9
106485,AR,7
106494,AR,2
106546,AR,4
106625,AR,3
106704,AR,9
106713,AR,5
106795,AR,3
106810,AR,5
106883,AR,3
106892,AR,1
106908,AR,2
106980,AR,3
106999,AR,3
107044,AR,9
107071,AR,8
107080,AR,7
107099,AR,2
107123,AR,3
107141,AR,8
107220,AR,2
107293,AR,2
107318,AR,3
107327,AR,3
107442,AR,2
107460,AR,3
107488,AR,2
107512,AR,7
107521,AR,3
107549,AR,3
107558,AR,5
107585,AR,3
107600,AR,5
107619,AR,3
107637,AR,3
107655,AR,2
107664,AR,4
107725,AR,3
107743,AR,3
107789,AR,2
107831,AR,2
107840,AR,3
107877,AR,7
107974,AR,3
107983,AR,7
107992,AR,3
108056,AR,9
108065,AR,2
108092,AR,7
108232,CA,7
108269,CA,9
108649,CA,2
108667,CA,3
108807,CA,4
108852,CA,3
108861,CA,9
108870,CA,7
108977,CA,2
109040,CA,3
109086,CA,7
109208,CA,4
109350,CA,5
109651,CA,7
109721,CA,2
109730,CA,1
109785,CA,9
109819,CA,5
109907,CA,3
109934,CA,4
110060,CA,9
110097,CA,9
110194,CA,2
110219,AZ,7
110246,CA,4
110316,CA,9
110334,CA,3
110361,CA,9
110370,CA,7
110398,CA,9
110404,CA,9
110413,CA,9
110422,CA,7
110468,CA,9
110486,CA,9
110495,CA,9
110501,CA,9
110510,CA,9
110529,CA,9
110538,CA,7
110547,CA,8
110556,CA,9
110565,CA,9
110574,CA,9
110583,CA,9
110592,CA,9
110608,CA,9
110617,CA,9
110635,CA,9
110644,CA,9
110653,CA,9
110662,CA,9
110671,CA,9
110680,CA,9
110699,CA,9
110705,CA,9
110714,CA,9
110778,CA,9
110875,CA,2
110918,CA,5
111045,CA,9
111054,CA,2
111081,CA,9
111188,CA,7
111391,CA,9
111434,CA,4
111461,CA,3
111513,CA,4
111638,CA,5
111708,CA,2
111717,CA,2
111726,CA,2
111744,CA,2
111762,CA,2
111799,CA,2
111887,CA,4
111896,CA,3
111920,CA,3
111939,CA,4
111948,CA,9
111966,CA,8
112075,CA,9
112084,CA,7
112127,CA,7
112172,CA,4
112181,CA,2
112190,CA,4
112251,CA,9
112260,CA,7
112288,CA,2
112367,CA,2
112376,CA,4
112385,CA,3
112394,CA,7
112455,CA,2
112525,CA,9
112561,CA,3
112570,CA,5
112686,CA,3
112817,CA,3
112826,CA,3
113096,CA,4
113111,CA,4
113193,CA,4
113218,CA,3
113236,CA,5
113333,CA,4
113449,CA,2
113537,CA,7
113573,CA,3
113582,CA,7
113634,CA,3
113698,CA,7
113704,CA,7
113856,CA,4
113980,CA,4
114114,CA,9
114123,CA,9
114266,CA,3
114354,CA,7
114390,CA,5
114433,CA,5
114460,CA,2
114549,CA,9
114585,CA,9
114637,CA,2
114716,CA,5
114734,CA,8
114761,CA,2
114789,CA,4
114813,CA,7
114831,CA,5
114840,CA,9
114859,CA,4
114938,CA,3
114947,CA,1
115001,CA,4
115010,CA,5
115083,CA,9
115126,CA,3
115214,CA,9
115287,CA,4
115296,CA,4
115357,CA,2
115393,CA,3
115409,CA,5
115658,CA,2
115728,CA,8
115746,CA,9
115755,CA,7
115773,CA,9
115861,CA,3
115931,CA,3
116226,CA,7
116350,CA,2
116439,CA,3
116563,CA,4
116712,CA,9
116846,CA,7
117052,CA,4
117104,CA,7
117140,CA,9
117168,CA,7
117195,CA,3
117238,CA,2
117247,CA,3
117274,CA,3
117283,CA,5
117520,CA,9
117557,CA,9
117575,CA,9
117627,CA,9
117636,CA,9
117645,CA,4
117672,CA,9
117681,CA,5
117690,CA,3
117706,CA,3
117715,CA,3
117724,CA,3
117733,CA,4
117751,CA,9
117788,CA,4
117803,CA,3
117867,CA,3
117894,CA,3
117900,CA,4
117946,CA,9
117955,CA,2
118134,CA,2
118143,CA,2
118161,CA,2
118198,CA,4
118347,CA,4
118541,CA,7
118684,CA,3
118693,CA,5
118718,CA,4
118772,CA,4
118888,CA,9
118912,CA,5
118930,CA,4
118958,CA,2
118976,CA,5
118994,CA,2
119058,CA,7
119067,CA,3
119137,CA,4
119164,CA,3
119173,CA,9
119216,CA,3
119270,CA,5
119331,CA,3
119553,CA,2
119605,CA,9
119678,CA,9
119775,CA,7
119845,CA,2
119951,CA,2
120023,CA,5
120069,CA,2
120078,CA,4
120087,CA,2
120166,CA,7
120184,CA,9
120254,CA,7
120290,CA,3
120342,CA,4
120403,CA,7
120421,CA,3
120537,CA,7
120661,CA,3
120698,CA,9
120768,CA,7
120795,CA,9
120838,CA,7
120865,CA,7
120883,CA,9
120953,CA,3
120971,CA,3
121044,CA,4
121150,CA,9
121178,CA,4
121257,CA,5
121275,CA,5
121309,CA,9
121345,CA,5
121363,CA,3
121433,CA,2
121619,CA,5
121628,CA,9
121637,CA,2
121691,CA,9
121707,CA,4
121859,CA,2
121868,CA,2
121886,CA,5
121901,CA,3
121992,CA,2
122117,CA,9
122180,CA,4
122205,CA,4
122296,CA,9
122320,CA,5
122339,CA,3
122375,CA,5
122384,CA,4
122409,CA,9
122436,CA,9
122454,CA,7
122506,CA,8
122597,CA,9
122603,CA,9
122612,CA,9
122649,CA,9
122658,CA,4
122685,CA,5
122694,CA,3
122728,CA,7
122737,CA,3
122746,CA,3
122755,CA,9
122782,CA,5
122791,CA,3
122834,CA,7
122852,CA,5
122889,CA,4
122931,CA,9
122977,CA,5
123013,CA,4
123095,CA,9
123165,CA,6
123217,CA,4
123280,CA,7
123299,CA,5
123341,CA,3
123350,CA,2
123448,CA,9
123457,CA,7
123484,CA,3
123493,CA,4
123509,CA,3
123527,CA,4
123554,CA,9
123563,CA,5
123572,CA,8
123633,CA,9
123642,CA,4
123651,CA,8
123679,CA,3
123800,CA,4
123855,CA,7
123916,CA,7
123925,CA,4
123943,CA,9
123952,CA,7
123961,CA,9
123970,CA,9
124113,CA,3
124283,CA,9
124292,CA,5
124487,CA,9
124557,CA,9
124681,CA,2
124706,CA,3
124937,CA,3
125019,CA,4
125028,CA,3
125037,CA,9
125082,CA,2
125091,CA,4
125170,CA,3
125222,CA,4
125231,MN,9
125310,CA,2
125462,CA,3
125471,CA,5
125499,CA,4
125532,CA,3
125718,CA,7
125727,CA,5
125763,CA,7
125897,CA,7
126012,CA,9
126049,CA,9
126076,CA,5
126100,CA,5
126119,CA,3
126164,CO,4
126182,CO,9
126207,CO,3
126289,CO,5
126359,CO,3
126562,CO,9
126580,CO,9
126605,CO,3
126614,CO,9
126669,CO,9
126678,CO,7
126687,CO,3
126711,CO,5
126748,CO,4
126775,CO,9
126784,CO,3
126818,CO,9
126827,CO,9
126863,CO,3
126872,CO,3
126915,CO,2
126942,CO,5
126951,CO,4
126979,CO,9
127060,CO,9
127158,CO,2
127185,CO,7
127200,CO,5
127273,CO,9
127316,CO,2
127389,CO,3
127556,CO,9
127565,CO,7
127617,CO,5
127653,CO,7
127714,CO,5
127732,CO,3
127741,CO,9
127778,CO,3
127820,CO,5
127884,CO,5
127909,CO,7
127918,CO,9
127945,CO,7
127954,CO,6
128106,CO,9
128151,CO,4
128179,CO,3
128188,CO,3
128258,CO,3
128300,CO,9
128328,CO,5
128337,CO,2
128391,CO,7
128498,CT,8
128577,CT,3
128586,NY,5
128674,CT,2
128744,CT,9
128771,CT,9
128780,CT,7
128896,CT,2
128902,CT,5
129002,CT,2
129020,CT,9
129154,CT,7
129181,CT,4
129215,CT,7
129242,CT,9
129349,CT,2
129367,CT,3
129428,CT,7
129482,CT,4
129491,CT,9
129525,CT,9
129534,CT,8
129543,CT,3
129695,CT,3
129729,CT,3
129756,CT,3
129774,CT,5
129808,CT,3
129923,CT,4
129932,CT,1
129941,CT,9
130004,CT,3
130040,CT,3
130110,CT,5
130174,CT,2
130183,CT,7
130217,CT,3
130226,CT,9
130253,CT,9
130314,CT,9
130396,CT,3
130493,CT,9
130509,CT,4
130590,CT,7
130606,CT,3
130624,CT,5
130697,CT,9
130776,CT,9
130794,CT,9
130837,DE,4
130873,DE,2
130882,DE,5
130907,DE,5
130934,DE,9
130943,DE,9
130989,DE,9
131061,DE,2
131098,DE,8
131113,DE,9
131159,DC,9
131283,DC,9
131399,DC,9
131405,DC,7
131450,DC,9
131469,DC,9
131496,DC,9
131520,DC,9
131803,DC,7
131830,DC,2
131876,DC,7
131973,DC,9
132374,FL,4
132408,FL,7
132471,FL,9
132602,FL,7
132657,FL,9
132675,FL,2
132693,FL,5
132709,FL,5
132842,FL,9
132851,FL,5
132879,FL,7
132903,FL,9
132976,FL,2
133021,FL,5
133155,FL,4
133386,FL,5
133465,FL,9
133492,FL,5
133508,FL,5
133526,FL,5
133553,FL,9
133650,FL,9
133669,FL,9
133702,FL,5
133711,FL,7
133809,FL,5
133845,FL,3
133854,FL,3
133863,FL,3
133872,FL,9
133881,FL,9
133942,FL,4
133951,FL,9
133960,FL,5
133979,FL,7
133997,FL,3
134024,FL,1
134079,FL,9
134097,FL,9
134112,FL,5
134130,FL,9
134228,FL,2
134237,FL,7
134291,FL,4
134307,FL,4
134343,FL,5
134422,FL,5
134495,FL,4
134510,FL,7
134529,FL,2
134574,FL,1
134608,FL,5
134714,FL,2
134811,FL,7
134945,FL,9
135081,FL,9
135142,FL,2
135160,FL,5
135179,FL,2
135188,FL,5
135267,FL,4
135276,FL,2
135294,FL,4
135337,FL,2
135364,GA,9
135391,FL,5
135407,FL,4
135522,FL,2
135559,FL,1
135610,FL,7
135647,FL,4
135717,FL,5
135726,FL,9
135735,FL,4
136109,FL,2
136145,FL,5
136172,FL,9
136215,FL,9
136233,FL,5
136303,FL,4
136330,FL,9
136358,FL,5
136400,FL,5
136473,FL,5
136491,FL,2
136516,FL,5
136659,FL,4
136701,FL,7
136765,FL,2
136774,FL,5
136826,FL,4
136950,FL,9
137023,FL,2
137032,FL,9
137078,FL,5
137087,FL,4
137096,FL,5
137120,FL,4
137209,FL,5
137245,FL,4
137272,FL,6
137281,FL,5
137315,FL,5
137351,FL,9
137476,FL,9
137546,FL,9
137564,FL,9
137591,FL,2
137713,FL,2
137759,FL,5
137777,FL,7
137801,FL,3
137847,FL,9
137856,FL,2
137865,FL,2
137953,FL,7
137962,FL,5
138187,FL,5
138275,FL,7
138284,FL,2
138293,FL,7
138309,FL,7
138354,FL,9
138372,FL,4
138479,FL,4
138488,FL,2
138497,FL,4
138558,GA,5
138600,GA,7
138655,GA,3
138664,GA,3
138682,GA,4
138716,GA,8
138761,GA,5
138813,GA,5
138822,GA,2
138840,GA,4
138868,GA,7
138901,GA,5
138929,GA,9
138938,GA,2
138947,GA,9
138956,GA,4
139144,GA,7
139153,GA,9
139199,GA,9
139205,GA,5
139214,GA,4
139250,GA,5
139278,GA,4
139311,GA,8
139348,GA,9
139357,GA,4
139366,GA,9
139384,GA,4
139393,GA,7
139463,GA,5
139506,GA,2
139579,GA,9
139621,GA,5
139630,GA,5
139658,GA,9
139700,GA,5
139719,GA,8
139746,GA,4
139755,GA,9
139764,GA,8
139861,GA,9
139931,GA,9
139940,GA,9
139959,GA,9
139968,GA,5
139986,GA,4
139995,GA,3
140003,GA,3
140012,GA,4
140146,GA,9
140234,GA,7
140243,GA,4
140252,GA,9
140331,GA,4
140340,GA,8
140447,GA,9
140553,GA,5
140562,GA,9
140678,GA,4
140696,GA,5
140720,GA,5
140818,GA,9
140827,GA,4
140872,GA,7
140942,GA,4
140951,GA,7
140960,GA,7
140988,GA,7
141006,GA,4
141015,GA,4
141060,GA,5
141167,GA,8
141185,GA,7
141237,GA,7
141255,GA,4
141264,GA,9
141325,GA,7
141334,GA,9
141361,GA,7
141486,HI,9
141565,HI,9
141574,HI,9
141608,HI,2
141644,HI,9
141680,HI,4
141796,HI,4
141802,HI,4
141811,HI,4
141839,HI,5
141963,HI,9
141981,HI,5
141990,HI,4
142054,ID,3
142090,ID,5
142115,ID,9
142179,ID,3
142276,ID,9
142285,ID,9
142294,ID,7
142328,ID,5
142407,ID,2
142416,ID,2
142443,ID,4
142461,ID,9
142489,ID,4
142522,ID,5
142559,ID,5
142832,IL,9
142887,IL,5
142957,IL,7
143048,IL,7
143084,IL,7
143118,IL,9
143181,IL,2
143215,IL,3
143233,IN,7
143279,IL,3
143288,IL,5
143297,IL,7
143303,IL,4
143358,IL,9
143376,IL,2
143464,IL,2
143473,IL,2
143482,IL,2
143491,IL,2
143543,IL,2
143552,IL,2
143613,IL,3
143659,IL,9
143853,IL,9
143978,IL,9
144005,IL,9
144014,IL,9
144050,IL,9
144157,IL,3
144166,IL,3
144175,IL,3
144184,IL,3
144193,IL,3
144209,IL,3
144218,IL,3
144281,IL,7
144351,IL,9
144485,IL,3
144500,IL,3
144564,IL,3
144573,IL,2
144740,IL,9
144777,IL,7
144795,IL,2
144865,IL,3
144883,IL,5
144892,IL,8
144944,IL,4
144962,IL,7
144971,IL,5
145099,IL,1
145239,IL,3
145275,IL,9
145309,IL,2
145336,IL,9
145354,IL,4
145372,IL,7
145406,IL,2
145424,IL,2
145433,IL,2
145497,IL,5
145521,IL,3
145558,IL,9
145600,IL,9
145619,IL,9
145628,IL,9
145637,IL,9
145646,IL,5
145682,IL,3
145691,IL,7
145707,IL,3
145725,IL,9
145813,IL,9
145831,IL,4
145886,IL,9
146205,IL,3
146241,IL,9
146278,IL,3
146296,IL,3
146339,IL,9
146348,IL,3
146366,IL,3
146418,IL,3
146427,IL,5
146454,IL,2
146472,IL,3
146481,IL,7
146490,IL,7
146506,IL,3
146533,IL,5
146603,IL,3
146612,IL,9
146667,IL,9
146676,IL,7
146685,IL,3
146700,IL,4
146719,IL,9
146728,IL,9
146755,IL,7
146807,IL,2
146816,IL,3
146825,IL,5
146977,IL,9
147004,IL,3
147013,IL,9
147031,IL,7
147129,IL,8
147244,IL,9
147341,IL,5
147369,IL,7
147378,IL,3
147396,IL,3
147411,IL,3
147439,IL,4
147536,IL,9
147590,IL,9
147642,IL,2
147660,IL,7
147679,IL,9
147697,IL,9
147703,IL,9
147767,IL,9
147776,IL,7
147800,IL,3
147819,IL,2
147828,IL,9
147916,IL,3
148007,IL,3
148016,IL,5
148098,IL,2
148131,IL,7
148256,IL,3
148292,IL,3
148335,IL,7
148380,IL,3
148405,IL,7
148487,IL,9
148496,IL,9
148511,IL,9
148575,IL,9
148584,IL,9
148593,IL,7
148627,IL,8
148654,IL,9
148672,IL,3
148821,IL,3
148876,IL,5
148885,IL,9
148937,IL,3
148955,IL,2
148982,IL,9
148991,IL,3
149028,IL,9
149204,IL,2
149222,IL,9
149231,IL,9
149240,IL,9
149310,IL,3
149329,IL,7
149365,IL,3
149499,IL,2
149505,IL,8
149514,IL,9
149532,IL,3
149550,IL,2
149587,IL,9
149639,IL,7
149727,IL,3
149763,IL,9
149772,IL,9
149781,IL,9
149842,IL,3
150048,IN,3
150066,IN,9
150136,IN,9
150145,IN,7
150163,IN,9
150172,IN,7
150215,IN,9
150251,IN,3
150288,IN,9
150303,IN,2
150400,IN,5
150428,IN,2
150455,IN,7
150534,IN,9
150604,IN,7
150668,IN,9
150677,IN,9
150756,IN,5
150765,IN,2
150774,IN,5
150853,IN,2
150941,IN,9
150987,IN,3
151102,IN,7
151111,IN,9
151263,IN,9
151290,IN,9
151306,IN,9
151324,IN,9
151333,IN,7
151342,IN,7
151351,IN,9
151360,IN,7
151379,IN,7
151388,IN,7
151458,IN,3
151467,IN,3
151564,IN,2
151607,IN,2
151652,IN,2
151661,IN,4
151777,IN,9
151786,IN,9
151801,IN,8
151810,IN,7
151865,IN,7
151962,IN,5
152044,MI,4
152080,IN,9
152099,IN,9
152150,IN,2
152275,IN,2
152309,IN,2
152318,IN,7
152336,IN,9
152381,IN,7
152390,IN,9
152451,IN,8
152497,IN,4
152530,IN,7
152567,IN,9
152600,IN,9
152628,IN,2
152637,IN,5
152673,IN,5
152798,IA,9
152992,IA,9
153001,IA,7
153074,IA,4
153083,IA,4
153108,IA,5
153126,IA,9
153144,IA,5
153162,IA,7
153214,IA,3
153241,IA,5
153250,IA,7
153269,IA,9
153278,IA,9
153296,IA,3
153302,IA,5
153311,IA,3
153320,IA,9
153339,IA,4
153366,IA,9
153375,IA,7
153384,IA,5
153427,IA,5
153445,IA,3
153463,IA,4
153472,IA,3
153524,IA,3
153533,IA,3
153542,IA,4
153588,IA,4
153597,IA,4
153603,IA,9
153621,IA,7
153630,IA,3
153658,IA,9
153737,IA,3
153746,IA,4
153764,IA,4
153773,IA,4
153782,IA,4
153825,IA,7
153834,IA,5
153861,IA,9
153922,IA,3
153977,IA,5
154004,IA,9
154013,IA,9
154022,CA,9
154059,IA,3
154095,IA,9
154101,IA,7
154110,IA,3
154129,IA,3
154156,IA,9
154165,IA,4
154174,IA,9
154208,IA,4
154235,IA,9
154262,IA,5
154332,IA,4
154341,IA,4
154350,IA,7
154378,IA,3
154396,IA,3
154448,IA,4
154457,IA,4
154466,IA,4
154493,IA,8
154518,IA,7
154527,IA,7
154536,IA,7
154545,IA,4
154572,IA,3
154590,IA,7
154642,KS,3
154688,KS,9
154697,KS,3
154712,KS,7
154721,KS,5
154749,KS,5
154800,KS,4
154855,KS,5
154907,KS,3
154925,KS,3
154934,KS,3
154952,KS,3
154998,KS,3
155007,KS,5
155025,KS,9
155052,KS,3
155061,KS,9
155070,KS,8
155089,KS,7
155098,KS,3
155104,KS,3
155140,KS,5
155159,KS,2
155177,KS,5
155186,KS,4
155195,KS,3
155201,KS,3
155210,KS,3
155283,MO,5
155292,KS,3
155308,KS,5
155317,KS,9
155335,KS,7
155353,KS,2
155399,KS,9
155414,KS,7
155423,KS,2
155450,KS,3
155487,KS,3
155496,KS,5
155511,KS,7
155520,KS,8
155566,KS,3
155593,KS,3
155618,KS,3
155627,KS,7
155636,KS,7
155681,KS,9
155715,KS,3
155812,KS,9
155830,KS,3
155858,KS,3
155900,KS,9
155937,KS,7
155973,KS,7
156082,KS,9
156107,KS,3
156125,KS,9
156134,KS,3
156189,KY,5
156213,KY,7
156222,KY,9
156231,KY,4
156277,KY,2
156286,KY,9
156295,KY,5
156310,KY,2
156338,KY,4
156356,KY,7
156365,KY,9
156392,KY,4
156408,KY,5
156417,KY,7
156426,KY,2
156471,KY,7
156541,KY,9
156620,KY,9
156648,KY,4
156727,KY,9
156745,KY,7
156754,KY,2
156790,KY,4
156842,KY,2
156851,KY,3
156860,KY,3
156921,KY,4
156967,KY,2
157021,KY,5
157030,KY,5
157058,KY,9
157076,KY,5
157085,KY,9
157100,KY,7
157207,KY,9
157216,KY,9
157289,KY,9
157298,KY,9
157304,KY,3
157331,KY,4
157377,KY,7
157386,KY,9
157401,KY,9
157438,KY,4
157447,KY,9
157483,KY,4
157535,KY,9
157553,KY,4
157614,KY,2
157650,KY,2
157669,KY,2
157678,KY,2
157711,KY,4
157739,KY,4
157748,KY,9
157757,KY,9
157793,KY,9
157809,KY,7
157818,KY,5
157854,KY,4
157863,KY,8
157951,KY,9
158088,LA,4
158246,LA,2
158325,LA,4
158343,LA,3
158431,LA,3
158477,LA,7
158538,LA,2
158617,LA,1
158644,LA,2
158662,LA,4
158778,LA,2
158787,LA,2
158802,LA,5
158884,LA,4
159009,LA,9
159027,LA,2
159197,LA,3
159328,LA,2
159373,LA,9
159382,LA,5
159391,LA,9
159407,LA,4
159416,LA,9
159513,LA,2
159522,LA,2
159531,LA,2
159568,LA,7
159601,LA,2
159647,LA,9
159656,LA,9
159717,LA,9
159939,LA,9
159948,LA,9
159966,LA,8
159993,LA,9
160010,LA,3
160038,LA,9
160065,LA,9
160074,LA,9
160117,LA,2
160126,LA,2
160199,LA,2
160320,LA,2
160409,LA,5
160472,LA,2
160481,LA,4
160524,LA,3
160533,LA,9
160579,LA,4
160597,LA,2
160612,LA,9
160621,LA,9
160630,LA,7
160649,LA,3
160658,LA,9
160667,LA,3
160755,LA,9
160904,LA,9
160959,ME,7
160977,ME,5
160995,ME,7
161004,ME,5
161022,ME,5
161077,ME,3
161086,ME,5
161138,ME,3
161192,ME,3
161208,ME,3
161217,ME,7
161226,ME,7
161235,ME,5
161244,ME,5
161253,ME,9
161280,ME,9
161299,ME,7
161341,ME,5
161457,ME,9
161484,ME,3
161493,ME,2
161509,ME,7
161518,ME,8
161527,ME,2
161545,ME,3
161554,ME,9
161563,ME,7
161572,ME,7
161581,ME,3
161688,MD,3
161767,MD,3
161800,MD,2
161855,MD,2
161864,MD,3
161873,MD,9
162007,MD,9
162061,MD,9
162104,MD,3
162122,MD,3
162168,MD,3
162210,MD,7
162283,MD,9
162335,MD,2
162371,MD,2
162557,MD,3
162584,MD,9
162609,MD,3
162654,MD,8
162690,MD,3
162706,MD,3
162760,MD,9
162779,MD,3
162830,MD,2
162928,MD,9
163028,MD,3
163046,MD,9
163204,MD,9
163259,MD,9
163268,MD,9
163286,MD,9
163295,MD,7
163338,MD,9
163347,MD,2
163408,MD,2
163426,MD,3
163453,MD,9
163462,MD,8
163532,MD,9
163541,MD,2
163578,MD,9
163657,MD,3
163754,MD,2
163815,MD,2
163851,MD,9
163912,MD,7
163976,MD,7
164076,MD,9
164085,MD,9
164146,MD,9
164155,MD,5
164173,MD,7
164216,MD,5
164270,MD,7
164313,MD,3
164368,MA,7
164447,MA,9
164465,MA,5
164492,MA,8
164535,MA,2
164562,MA,8
164580,MA,7
164599,MA,1
164614,MA,5
164632,MA,9
164641,MA,5
164720,MA,7
164739,MA,9
164748,MA,8
164775,MA,3
164845,MA,2
164872,MA,7
164915,MA,9
164924,MA,9
164988,MA,9
165015,MA,9
165024,MA,8
165033,MA,3
165060,MA,4
165112,MA,3
165167,MA,9
165194,MA,3
165255,MA,2
165264,MA,5
165334,MA,9
165495,MA,7
165529,MA,8
165556,MA,2
165574,MA,5
165608,MA,2
165635,MA,4
165644,MA,7
165662,MA,7
165671,MA,8
165699,MA,9
165750,MA,2
165802,MA,7
165820,MA,8
165866,MA,8
165884,MA,5
165936,MA,8
165945,MA,9
165981,MA,3
166018,MA,5
166027,MA,9
166045,MA,7
166054,MA,7
166124,MA,5
166133,MA,3
166391,MA,7
166407,MA,3
166452,MA,9
166489,MA,8
166498,MA,2
166513,MA,9
166629,MA,9
166638,MA,9
166647,MA,3
166656,MA,9
166665,MA,9
166674,MA,7
166683,MA,9
166692,MA,7
166708,MA,9
166717,MA,9
166805,MA,2
166823,MA,3
166850,MA,8
166869,MA,9
166887,MA,3
166911,MA,5
166939,MA,7
166957,MA,3
167039,MA,2
167057,MA,9
167093,MA,9
167215,MA,9
167260,MA,7
167288,MA,8
167297,MA,4
167312,MA,3
167358,MA,9
167376,MA,3
167394,MA,9
167455,MA,8
167464,MA,7
167525,MA,3
167534,MA,4
167598,MA,9
167631,MA,3
167677,MA,7
167729,MA,8
167783,MA,9
167792,MA,5
167835,MA,9
167871,MA,2
167899,MA,9
167905,MA,3
167987,MA,9
167996,MA,7
168005,MA,9
168032,MA,2
168148,MA,9
168218,MA,5
168227,MA,7
168254,MA,9
168263,MA,8
168281,MA,5
168342,MA,7
168421,MA,9
168430,MA,8
168528,MI,7
168546,MI,5
168555,MI,2
168573,MI,1
168591,MI,5
168607,MI,5
168740,MI,9
168786,MI,7
168847,MI,9
168883,MI,3
168892,MI,2
169080,MI,7
169099,MI,9
169187,MI,4
169220,MI,9
169248,MI,9
169275,MI,4
169284,MI,2
169327,MI,7
169363,MI,8
169424,MI,7
169442,MI,7
169479,MI,8
169503,MI,2
169521,MI,4
169576,MI,2
169628,MI,9
169655,MI,4
169716,MI,9
169734,MI,2
169761,MI,2
169798,MI,9
169813,MI,2
169910,MI,9
169947,MI,4
169974,MI,3
169983,MI,7
169992,MI,3
170000,MI,7
170037,MI,9
170055,MI,3
170082,MI,9
170091,MI,5
170240,MI,5
170286,MI,9
170301,MI,5
170444,MI,5
170532,MI,5
170541,MI,4
170550,MI,3
170587,MI,3
170611,MI,2
170620,MI,3
170639,MI,5
170657,MI,3
170675,MI,9
170736,MI,2
170790,MI,3
170806,MI,9
170967,MI,7
170976,MI,9
171012,MI,4
171100,MI,9
171128,MI,9
171137,MI,9
171146,MI,9
171155,MI,4
171225,MI,3
171234,MI,3
171304,MI,4
171395,MI,3
171456,MI,9
171483,MI,5
171492,MI,9
171535,MI,3
171571,MI,9
171599,MI,7
171775,MI,2
171881,MI,7
171988,MI,2
171997,MI,2
172015,MI,2
172033,MI,8
172051,MI,9
172200,MI,5
172264,MI,7
172291,MI,3
172307,MI,3
172325,MI,2
172334,MI,9
172422,MI,2
172440,MI,5
172477,MI,9
172495,MI,2
172608,MI,9
172617,MI,3
172635,MI,3
172644,MI,9
172671,MI,4
172680,MI,2
172699,MI,9
172705,MI,9
172802,MI,2
172866,MN,5
172918,MN,4
172927,MN,2
172954,MN,4
172963,MN,4
173045,MN,9
173063,MN,4
173115,MN,4
173124,MN,7
173142,MN,5
173160,MN,9
173203,MN,4
173258,MN,5
173300,MN,7
173328,MN,9
173416,MN,4
173452,MN,7
173461,MN,4
173470,MN,2
173559,MN,4
173638,MN,4
173647,MN,5
173665,MN,9
173683,MN,7
173708,MN,4
173735,MN,4
173744,MN,2
173799,MN,3
173805,MN,4
173896,MN,9
173902,MN,5
173911,MN,4
173920,MN,9
173957,MN,9
173993,MN,4
174020,MN,9
174066,MN,9
174075,MN,5
174127,MN,7
174136,MN,4
174154,MN,8
174190,MN,2
174233,MN,9
174251,MN,5
174321,MN,2
174358,MN,9
174376,MN,4
174428,MN,3
174437,MN,7
174473,MN,4
174491,MN,7
174507,MN,9
174525,MN,5
174570,MN,4
174604,MN,3
174738,MN,4
174747,MN,5
174756,MN,4
174783,MN,9
174792,MN,7
174817,MN,9
174844,MN,5
174862,MN,7
174899,MN,9
174914,MN,9
174978,MN,2
175005,MN,9
175014,MN,9
175041,MN,4
175078,MN,8
175120,MN,1
175139,MN,9
175157,MN,4
175227,MN,5
175236,MN,4
175263,MN,4
175272,MN,9
175281,MN,9
175315,MN,4
175342,MS,9
175421,MS,9
175430,MS,7
175494,MS,2
175519,MS,3
175573,MS,4
175607,MS,2
175616,MS,9
175643,MS,3
175652,MS,3
175698,MS,2
175722,MS,2
175786,MS,3
175810,MS,3
175829,MS,3
175856,MS,9
175883,MS,3
175935,MS,4
175980,MS,7
175999,MS,9
176008,MS,3
176017,MS,9
176035,MS,9
176044,MS,7
176053,MS,9
176062,MS,2
176071,MS,3
176080,MS,9
176169,MS,3
176178,MS,3
176239,MS,3
176318,MS,5
176336,MS,5
176354,MS,3
176372,MS,9
176390,MS,2
176406,MS,7
176433,MS,2
176451,MS,9
176479,MS,9
176600,MO,9
176628,MO,7
176664,MO,7
176716,MO,2
176770,MO,8
176789,MO,9
176798,MO,4
176910,MO,7
176947,MO,5
176965,MO,8
176983,MO,2
177038,KS,9
177065,MO,7
177083,MO,5
177092,MO,9
177117,MO,5
177126,MO,9
177135,MO,3
177144,MO,7
177214,MO,7
177250,MO,3
177278,MO,9
177287,MO,2
177302,MO,3
177339,MO,9
177418,MO,9
177436,MO,2
177472,MO,3
177542,MO,7
177551,MO,5
177588,MO,2
177603,MO,2
177676,MO,4
177685,MO,2
177719,MO,9
177746,MO,5
177816,MO,7
177834,MO,9
177870,MO,2
177931,MO,2
177940,MO,8
177968,MO,9
177977,MO,4
177986,MO,9
177995,MO,3
178004,MO,4
178059,MO,9
178077,MO,2
178183,MO,3
178208,MO,9
178217,MO,3
178244,MO,9
178341,MO,7
178369,MO,7
178387,MO,7
178396,MO,9
178402,MO,9
178411,MO,9
178420,MO,9
178439,MO,9
178448,MO,3
178466,MO,4
178518,MO,9
178527,MO,2
178615,MO,7
178624,MO,8
178679,MO,5
178697,MO,5
178721,MO,7
178767,MO,5
178828,MO,2
178891,MO,5
178989,MO,8
179043,MO,9
179052,MO,4
179159,MO,9
179195,MO,2
179229,MO,2
179256,MO,5
179265,MO,9
179308,MO,3
179317,KS,9
179326,MO,9
179344,MO,3
179450,MO,8
179511,MO,3
179539,MO,3
179548,MO,8
179557,MO,8
179566,MO,9
179645,MO,4
179715,MO,3
179812,MO,9
179867,MO,9
179894,MO,9
179946,MO,5
179955,MO,7
179964,MO,9
179991,MT,2
180054,MT,3
180063,MT,2
180081,MT,3
180090,MT,2
180106,MT,7
180151,MT,3
180160,MT,3
180179,MT,7
180197,MT,3
180203,MT,5
180212,MT,3
180249,MT,3
180258,MT,7
180276,MT,3
180328,MT,3
180373,MT,3
180416,MT,9
180461,MT,9
180489,MT,9
180522,MT,7
180595,MT,9
180647,MT,5
180692,MT,5
180717,MT,5
180814,NE,9
180832,NE,9
180878,NE,9
180902,NE,3
180948,NE,7
180957,NE,4
180984,NE,7
181002,NE,9
181020,NE,9
181127,NE,7
181145,NE,5
181190,NE,4
181215,NE,8
181297,NE,9
181303,NE,3
181312,NE,4
181330,NE,7
181376,NE,5
181394,NE,9
181419,NE,3
181428,NE,9
181446,NE,8
181464,NE,9
181491,NE,3
181534,NE,7
181543,NE,5
181604,NE,9
181640,NE,3
181738,NE,7
181747,NE,9
181765,NE,3
181783,NE,8
181817,NE,4
181853,NE,7
181880,NV,2
181941,NV,3
182005,NV,5
182148,NV,3
182281,NV,9
182290,NV,9
182306,NV,5
182458,NV,7
182500,NV,5
182519,NV,9
182564,NV,5
182634,NH,7
182652,NH,2
182670,NH,9
182704,NH,2
182722,NH,2
182795,NH,9
182829,NH,9
182892,NH,2
182917,NH,5
182953,NH,2
182980,NH,9
182999,NH,2
183026,NH,9
183035,NH,1
183044,NH,9
183062,NH,8
183071,NH,5
183080,NH,9
183099,NH,3
183105,NH,3
183114,NH,3
183123,NH,3
183132,NH,3
183141,NH,4
183150,NH,3
183202,NH,2
183211,NH,9
183239,NH,5
183248,NH,3
183257,NH,7
183275,NH,5
183327,NH,9
183488,NJ,4
183600,NJ,3
183655,NJ,3
183725,NJ,2
183743,NJ,3
183789,NJ,7
183804,NJ,8
183822,NJ,7
183859,NJ,3
183877,NJ,3
183910,NJ,9
183938,NJ,3
183974,NJ,9
183983,NJ,2
184047,NJ,2
184056,NJ,2
184092,NJ,4
184180,NJ,3
184205,NJ,3
184278,NJ,2
184348,NJ,9
184427,NJ,4
184481,NJ,3
184506,NJ,2
184603,NJ,9
184612,NJ,9
184694,NJ,9
184746,NJ,2
184773,NJ,9
184782,NJ,9
184791,NJ,3
184816,NJ,2
184870,NJ,2
184959,NJ,5
184968,NJ,4
184995,NJ,3
185129,NJ,9
185174,NJ,2
185262,NJ,9
185332,NJ,2
185396,NJ,2
185466,NJ,2
185509,NJ,3
185536,NJ,3
185572,NJ,9
185590,NJ,9
185679,NJ,4
185721,NJ,3
185758,NJ,9
185767,NJ,2
185828,NJ,9
185873,NJ,3
185970,NJ,2
186016,NJ,2
186034,NJ,3
186052,NJ,4
186122,NJ,9
186131,NJ,9
186186,NJ,7
186201,NJ,9
186274,FL,2
186283,NJ,9
186371,NJ,9
186380,NJ,9
186399,NJ,9
186405,NJ,4
186423,NJ,4
186432,NJ,9
186469,NJ,3
186584,NJ,9
186593,NJ,2
186618,NJ,9
186645,NJ,3
186867,NJ,9
186876,NJ,9
186900,NJ,5
187000,NJ,4
187046,NJ,9
187134,NJ,8
187198,NJ,3
187444,NJ,9
187505,NM,2
187532,NM,4
187596,NM,7
187620,NM,3
187639,NM,3
187648,NM,7
187666,NM,4
187745,NM,7
187897,NM,7
187903,NM,3
187912,NM,3
187958,NM,3
187967,NM,9
187976,NM,3
187985,NM,9
187994,NM,3
188003,NM,3
188021,NM,3
188030,NM,9
188049,NM,3
188058,NM,6
188100,NM,4
188137,NM,3
188182,NM,9
188207,NM,7
188216,NM,3
188225,NM,3
188261,NM,3
188289,NM,2
188304,NM,7
188340,NY,7
188429,NY,9
188438,NY,3
188517,NY,5
188526,NY,9
188535,NY,9
188580,NY,9
188641,NY,9
188650,NY,2
188669,NY,4
188678,NY,3
188687,NY,3
188696,NY,4
188854,NY,7
188890,NY,2
188915,NY,4
188942,NY,5
189015,NY,8
189088,NY,9
189097,NY,5
189219,NY,1
189228,NY,5
189255,NY,1
189273,NY,5
189282,NY,5
189404,NY,2
189413,NY,7
189468,NY,2
189477,NY,2
189501,NY,9
189547,NY,3
189565,NY,5
189583,NY,5
189592,NY,5
189705,NY,8
189714,NY,2
189811,NY,3
189839,NY,3
189848,NY,7
189857,NY,7
189981,NY,7
189990,NY,1
190008,NY,4
190035,NY,8
190044,NY,9
190053,NY,3
190071,NY,3
190080,NY,9
190099,NY,7
190114,NY,7
190150,NY,9
190169,NY,3
190239,NY,2
190248,NY,7
190318,NY,2
190372,NY,7
190415,NY,9
190424,NY,9
190442,NY,3
190451,NY,3
190503,NY,7
190512,NY,9
190521,NY,3
190530,NY,3
190549,NY,8
190558,NY,9
190567,NY,9
190576,NY,9
190585,NY,3
190594,NY,9
190600,NY,8
190619,NY,3
190628,NY,3
190637,NY,9
190646,NY,5
190655,NY,5
190664,NY,8
190673,NY,3
190682,NY,9
190691,NY,7
190707,NY,4
190716,NY,9
190725,NY,9
190752,NY,5
190761,NY,9
190840,NY,3
190956,NY,3
190974,NY,3
190983,NY,7
191083,NY,3
191126,NY,7
191199,NY,3
191205,NY,9
191241,NY,9
191287,NY,1
191302,NY,3
191311,NY,1
191320,NY,9
191339,NY,3
191515,NY,5
191533,NY,7
191597,NY,5
191612,NY,3
191621,NY,7
191630,NY,7
191649,NY,9
191676,NY,7
191719,NY,3
191728,NY,4
191931,NY,8
191940,NY,2
191959,NY,3
191968,NY,9
191986,NY,3
192004,NY,5
192022,NY,3
192040,NY,9
192110,NY,9
192165,NY,5
192192,NY,8
192271,NY,7
192323,NY,9
192448,NY,9
192484,NY,2
192509,NY,4
192624,NY,5
192688,NY,3
192703,NY,8
192712,NY,9
192749,NY,9
192785,NY,7
192800,NY,2
192819,NY,9
192864,NY,5
192925,NY,9
192961,NY,3
192970,NY,4
193016,NY,9
193052,NY,8
193061,NY,9
193070,NY,9
193122,NY,2
193186,NY,2
193201,NY,3
193247,NY,9
193265,NY,2
193283,NY,3
193292,NY,9
193308,NY,7
193326,NY,3
193353,NY,8
193380,NY,3
193399,NY,8
193405,NY,9
193478,NY,3
193584,NY,9
193609,NY,4
193654,NY,9
193672,NY,2
193751,NY,9
193821,NY,9
193830,NY,9
193858,NY,3
193894,NY,9
193900,NY,9
193946,NY,3
193973,NY,9
193991,NY,2
194028,NY,3
194073,NY,9
194091,NY,9
194116,NY,7
194161,NY,9
194189,NY,5
194222,NY,3
194240,NY,3
194259,NY,2
194310,NY,9
194392,NY,7
194435,NY,2
194499,NY,5
194569,NY,5
194578,NY,7
194657,NY,7
194666,NY,7
194693,NY,5
194718,NJ,5
194736,NY,5
194763,NY,9
194824,NY,9
194958,NY,9
195003,NY,9
195030,NY,9
195049,NY,9
195058,NY,3
195067,NY,2
195128,NY,9
195155,NY,7
195164,NY,8
195173,NY,7
195191,NY,3
195216,NY,7
195234,NY,8
195243,NY,8
195289,NY,3
195304,NY,7
195322,NY,3
195438,NY,7
195474,NY,7
195526,NY,7
195544,NY,8
195562,NY,8
195580,NY,9
195702,NY,3
195720,NY,9
195784,NY,3
195809,NY,9
195827,NY,9
195988,NY,3
196006,NY,5
196015,NY,5
196024,NY,7
196033,NY,5
196042,NY,7
196051,NY,5
196060,NY,9
196079,NY,9
196088,NY,9
196097,NY,9
196103,NY,9
196112,NY,9
196121,NY,9
196130,NY,8
196149,NY,8
196158,NY,8
196167,NY,7
196176,NY,8
196185,NY,8
196194,NY,8
196200,NY,8
196219,NY,8
196228,NY,9
196237,NY,8
196246,NY,8
196255,NY,9
196264,NY,7
196291,NY,7
196307,NY,9
196389,NY,3
196413,NY,9
196431,NY,5
196440,NY,5
196468,NY,9
196565,NY,3
196583,NY,5
196592,NY,9
196653,NY,5
196680,NY,8
196699,NY,3
196866,NY,5
196884,NY,9
197018,NY,7
197027,NY,7
197036,NY,5
197045,NY,9
197133,NY,7
197142,NY,5
197151,NY,7
197197,NY,9
197221,NY,5
197230,NY,5
197285,NY,5
197294,NY,3
197337,NY,2
197531,NY,4
197601,NY,5
197647,NY,9
197674,NY,6
197692,NY,7
197708,NY,9
197735,NY,5
197744,NY,5
197814,NC,3
197850,NC,3
197869,NC,9
197887,NC,3
197911,NC,7
197966,NC,3
197984,NC,5
197993,NC,5
198011,NC,3
198039,NC,3
198066,NC,5
198084,NC,3
198109,NC,7
198118,NC,3
198136,NC,9
198154,NC,3
198190,NC,1
198206,NC,3
198215,NC,7
198233,NC,3
198251,NC,3
198260,NC,3
198303,NC,7
198321,NC,3
198330,NC,3
198367,NC,3
198376,NC,3
198385,NC,5
198419,NC,9
198455,NC,3
198464,NC,9
198491,NC,3
198507,NC,7
198516,NC,9
198534,NC,3
198543,NC,9
198552,NC,3
198561,NC,9
198570,NC,3
198598,NC,7
198613,NC,7
198622,NC,3
198640,NC,3
198668,NC,3
198677,NC,5
198695,NC,9
198710,NC,3
198729,NC,3
198756,NC,7
198774,NC,3
198808,NC,7
198817,NC,3
198835,NC,9
198844,NC,2
198862,NC,5
198871,NC,3
198899,NC,7
198905,NC,4
198914,NC,3
198923,NC,3
198950,NC,7
198969,NC,9
198978,NC,5
198987,NC,3
199005,NC,2
199023,NC,3
199032,NC,7
199069,NC,7
199078,NC,2
199087,NC,4
199102,NC,9
199111,NC,7
199120,NC,9
199139,NC,9
199148,NC,9
199157,NC,9
199175,NC,9
199184,NC,8
199193,NC,9
199209,NC,7
199218,NC,9
199263,NC,3
199272,NC,5
199281,NC,7
199306,NC,8
199324,NC,4
199333,NC,3
199412,NC,8
199421,NC,3
199449,NC,3
199458,NC,5
199467,NC,3
199476,NC,3
199485,NC,3
199494,NC,3
199582,NC,5
199607,NC,8
199625,NC,3
199634,NC,3
199643,NC,7
199689,NC,2
199698,NC,7
199722,NC,3
199731,NC,3
199740,NC,3
199759,NC,9
199768,NC,3
199786,NC,3
199795,NC,3
199838,NC,3
199847,NC,9
199856,NC,3
199865,NC,7
199883,NC,4
199892,NC,3
199908,NC,3
199926,NC,3
199953,NC,3
199962,NC,9
199971,NC,9
199980,NC,2
199999,NC,9
200004,NC,9
200013,ND,9
200022,ND,5
200059,ND,7
200086,ND,5
200110,ND,4
200156,ND,9
200192,ND,4
200208,ND,3
200217,ND,9
200226,ND,7
200253,ND,8
200280,ND,9
200305,ND,4
200314,ND,3
200332,ND,9
200341,ND,3
200466,ND,7
200484,ND,9
200527,ND,5
200554,ND,5
200572,ND,7
200590,OH,3
200697,OH,9
200785,OH,5
200800,OH,9
200846,OH,3
200873,OH,5
201034,OH,2
201061,OH,7
201098,OH,2
201104,OH,9
201131,OH,2
201140,OH,7
201159,OH,2
201177,OH,5
201195,OH,8
201283,OH,3
201371,OH,7
201432,OH,5
201441,OH,9
201469,OH,5
201478,OH,2
201496,OH,2
201539,OH,2
201548,OH,9
201645,OH,9
201654,OH,9
201672,OH,3
201681,OH,2
201690,OH,5
201751,OH,3
201803,OH,2
201821,OH,5
201867,OH,5
201885,OH,9
201928,OH,5
201946,OH,5
201955,OH,5
201964,OH,7
201973,OH,5
201982,WV,4
202046,OH,5
202073,OH,9
202134,OH,9
202152,OH,2
202161,OH,3
202170,OH,7
202222,OH,3
202356,OH,3
202435,OH,3
202453,OH,4
202480,OH,9
202514,OH,7
202523,OH,5
202648,OH,3
202657,OH,2
202763,OH,9
202806,OH,9
202888,OH,2
202903,OH,7
202912,OH,5
202949,OH,2
202985,OH,2
203030,OH,2
203067,NY,9
203085,OH,7
203128,OH,7
203146,OH,2
203155,OH,3
203234,OH,2
203289,OH,3
203331,OH,3
203368,OH,8
203386,OH,3
203438,OH,4
203447,OH,5
203456,OH,5
203465,OH,7
203474,OH,7
203483,OH,5
203492,OH,5
203517,OH,9
203526,OH,7
203535,OH,5
203544,OH,9
203580,OH,7
203599,OH,3
203614,OH,4
203678,OH,3
203720,OH,3
203739,OH,3
203748,OH,5
203757,OH,9
203775,OH,8
203845,OH,7
203881,OH,3
203942,OH,2
203960,OH,8
203997,OH,9
204006,OH,7
204015,OH,7
204024,OH,9
204121,OH,4
204158,OH,2
204176,OH,9
204185,OH,9
204194,OH,7
204200,OH,9
204255,OH,5
204264,OH,7
204334,OH,2
204422,OH,5
204431,OH,2
204440,OH,3
204459,OH,4
204468,OH,7
204477,OH,9
204486,OH,7
204501,OH,7
204608,OH,4
204617,OH,7
204635,OH,9
204662,OH,3
204671,OH,5
204680,OH,5
204699,OH,5
204705,OH,7
204714,OH,4
204723,OH,4
204769,OH,4
204778,OH,4
204796,OH,9
204802,OH,5
204820,OH,5
204839,OH,5
204848,OH,5
204857,OH,9
204866,OH,5
204884,OH,3
204893,OH,4
204909,OH,5
204936,OH,9
204945,OH,3
204963,OH,2
204981,OH,2
204990,OH,9
205027,OH,7
205054,OH,3
205090,OH,4
205124,OH,9
205142,OH,4
205179,OH,3
205203,OH,7
205391,OH,5
205443,OH,9
205470,OH,5
205559,OH,3
205841,OH,3
205887,OH,3
205957,OH,8
205966,OH,3
206011,OH,3
206039,OH,2
206048,OH,9
206084,OH,9
206154,OH,7
206172,OH,2
206181,OH,2
206279,OH,9
206288,OH,9
206321,OH,2
206349,OH,9
206394,OH,5
206437,OH,9
206446,OH,3
206491,OH,7
206507,OH,5
206516,OH,9
206525,OH,7
206589,OH,5
206604,OH,9
206613,OH,5
206622,OH,9
206695,OH,9
206817,OK,5
206835,OK,7
206862,OK,9
206905,OK,2
206914,OK,7
206923,OK,3
206932,OK,3
206941,OK,7
206996,OK,4
207041,OK,7
207050,OK,3
207069,OK,3
207087,OK,2
207102,OK,2
207157,OK,7
207209,OK,9
207236,OK,3
207254,OK,5
207263,OK,9
207272,OK,2
207281,OK,3
207290,OK,3
207306,OK,9
207315,OK,9
207324,OK,7
207342,OK,9
207351,OK,5
207388,OK,9
207397,OK,5
207403,OK,7
207449,OK,3
207458,OK,9
207500,OK,9
207564,OK,5
207582,OK,9
207661,OK,7
207670,OK,3
207704,OK,2
207722,OK,5
207740,OK,3
207786,OK,2
207847,OK,7
207856,OK,7
207865,OK,9
207935,OK,3
207962,OK,3
207971,OK,9
208035,OK,3
208044,OK,2
208053,OK,2
208187,OR,4
208275,OR,3
208318,OR,3
208390,OR,3
208406,OR,3
208415,OR,3
208433,OR,4
208479,OR,3
208488,OR,9
208512,OR,5
208637,OR,1
208646,OR,7
208725,OR,5
208822,OR,9
208859,OR,4
209038,OR,4
209056,OR,9
209065,OR,5
209074,OR,3
209083,OR,4
209153,OR,4
209205,OR,4
209241,OR,9
209250,OR,3
209287,OR,9
209296,OR,9
209409,OR,8
209490,OR,9
209506,OR,7
209542,OR,9
209551,OR,9
209603,OR,7
209612,OR,9
209667,OR,4
209676,OR,4
209694,OR,4
209700,OR,4
209719,OR,4
209746,OR,4
209807,OR,9
209825,OR,9
209922,OR,7
209940,OR,3
210076,OR,5
210146,OR,7
210155,OR,3
210234,OR,3
210270,OR,3
210304,OR,7
210331,OR,9
210340,OR,4
210368,OR,9
210401,OR,9
210429,OR,7
210438,OR,9
210474,PA,2
210492,PA,7
210508,PA,6
210571,PA,7
210599,PA,4
210605,PA,3
210669,PA,5
210711,PA,2
210739,PA,9
210748,PA,2
210775,PA,9
210784,PA,2
210809,PA,9
211006,PA,4
211024,PA,9
211079,PA,3
211088,PA,9
211130,PA,9
211158,PA,9
211273,PA,9
211291,PA,7
211307,PA,3
211316,PA,2
211334,PA,2
211343,PA,3
211352,PA,9
211361,PA,9
211431,PA,9
211440,PA,9
211468,PA,9
211477,PA,7
211556,PA,9
211583,PA,9
211608,PA,5
211635,PA,4
211644,PA,9
211802,PA,4
211893,PA,7
211927,PA,3
211981,PA,9
212009,PA,5
212018,PA,9
212045,PA,3
212054,PA,9
212106,PA,9
212115,PA,9
212133,PA,9
212160,PA,9
212197,PA,9
212230,PA,2
212267,PA,2
212276,PA,2
212294,PA,2
212300,PA,2
212328,PA,2
212337,GA,2
212355,PA,2
212382,PA,2
212391,PA,2
212434,PA,3
212443,PA,9
212452,MD,9
212577,PA,5
212601,PA,9
212656,PA,7
212674,PA,5
212753,PA,2
212771,PA,9
212805,PA,5
212832,PA,9
212869,PA,3
212878,PA,3
212911,PA,5
212975,PA,3
212984,PA,9
212993,PA,5
213011,PA,9
213020,PA,9
213163,PA,4
213181,PA,3
213215,PA,2
213233,PA,3
213251,PA,7
213303,PA,7
213321,PA,7
213330,PA,2
213349,PA,9
213358,PA,9
213367,PA,9
213376,PA,5
213385,PA,5
213400,PA,9
213446,PA,9
213455,PA,2
213473,PA,3
213491,PA,2
213507,PA,9
213525,PA,3
213534,PA,3
213543,PA,9
213552,PA,2
213570,PA,3
213589,PA,4
213598,PA,7
213613,PA,7
213622,PA,4
213631,PA,9
213659,PA,3
213668,PA,5
213774,PA,6
213783,PA,7
213826,PA,9
213914,PA,3
213932,PA,4
213987,PA,9
213996,PA,9
214023,PA,3
214041,PA,9
214069,PA,9
214111,PA,3
214148,PA,7
214157,PA,9
214166,PA,7
214175,PA,7
214272,PA,9
214290,PA,3
214379,PA,3
214476,PA,2
214528,PA,1
214564,PA,9
214582,PA,3
214591,PA,7
214607,PA,7
214616,PA,9
214625,PA,5
214634,PA,5
214643,PA,5
214652,PA,5
214661,PA,9
214670,PA,5
214689,PA,5
214698,PA,5
214704,PA,5
214713,PA,9
214731,PA,5
214740,PA,5
214759,PA,5
214768,PA,5
214777,PA,9
214786,PA,5
214795,PA,5
214801,PA,6
214810,PA,5
214829,PA,7
214883,PA,7
214892,PA,3
214944,PA,3
214971,PA,7
215008,PA,4
215044,PA,1
215053,PA,5
215062,PA,9
215105,PA,9
215114,PA,7
215123,PA,9
215132,PA,9
215239,PA,3
215266,PA,5
215275,PA,5
215284,PA,5
215293,PA,9
215309,PA,3
215336,PA,2
215381,PA,4
215390,PA,3
215415,PA,5
215424,PA,9
215442,PA,9
215479,PA,4
215530,PA,2
215585,PA,3
215594,PA,4
215619,PA,7
215628,PA,9
215637,PA,5
215655,PA,9
215682,PA,3
215691,PA,7
215743,PA,9
215770,PA,9
215798,PA,9
215813,PA,7
215886,PA,2
215929,PA,9
215947,PA,8
215974,PA,4
215983,PA,2
215992,PA,3
216010,PA,9
216038,PA,9
216047,PA,7
216074,PA,2
216083,PA,4
216162,PA,2
216223,PA,2
216278,PA,7
216287,PA,5
216296,PA,3
216311,PA,5
216339,PA,9
216348,PA,7
216357,PA,7
216366,PA,9
216418,PA,3
216436,PA,3
216445,PA,3
216454,PA,3
216463,PA,9
216524,PA,5
216542,PA,7
216551,PA,3
216579,PA,2
216597,PA,9
216630,PA,4
216667,PA,7
216694,PA,9
216746,PA,2
216764,PA,9
216773,PA,4
216782,PA,3
216807,PA,7
216816,PA,9
216825,PA,3
216852,PA,9
216931,PA,9
216940,PA,3
217013,PA,7
217040,PA,9
217059,PA,9
217077,PA,3
217156,RI,9
217165,RI,7
217235,RI,9
217305,RI,9
217323,RI,2
217402,RI,7
217420,RI,9
217475,RI,4
217484,RI,9
217493,RI,7
217518,RI,7
217536,RI,9
217581,RI,2
217606,MA,7
217615,SC,3
217624,SC,7
217633,SC,9
217688,SC,9
217712,SC,3
217721,SC,7
217749,SC,9
217776,SC,9
217794,SC,2
217819,SC,8
217828,SC,2
217837,SC,3
217864,SC,8
217873,SC,7
217882,SC,9
217891,SC,5
217907,SC,7
217925,SC,9
217934,SC,7
217961,SC,9
217989,SC,3
217998,SC,9
218025,SC,3
218043,SC,3
218061,SC,9
218070,SC,8
218113,SC,5
218140,SC,3
218159,SC,2
218195,SC,2
218229,SC,7
218238,SC,7
218335,SC,9
218353,SC,3
218399,SC,5
218414,SC,5
218441,SC,9
218487,SC,3
218520,SC,3
218539,SC,9
218645,SC,7
218654,SC,7
218663,SC,9
218672,SC,3
218681,SC,3
218690,SC,3
218706,SC,3
218724,SC,9
218733,SC,9
218742,SC,7
218751,SC,9
218821,SC,5
218830,SC,3
218858,SC,3
218867,SC,2
218885,SC,4
218894,SC,3
218919,SC,5
218955,SC,3
218964,SC,8
218973,SC,5
218991,SC,3
219000,SD,7
219037,SD,2
219046,SD,7
219082,SD,9
219091,SD,8
219125,SD,2
219143,SD,4
219170,SD,4
219189,SD,3
219198,SD,9
219204,SD,9
219240,SD,9
219259,SD,7
219277,SD,7
219295,SD,7
219338,SD,4
219347,SD,9
219356,SD,9
219374,SD,7
219383,SD,7
219392,SD,4
219408,SD,3
219426,SD,4
219453,SD,2
219471,SD,9
219480,SD,3
219505,TN,5
219587,TN,2
219596,TN,4
219602,TN,9
219639,TN,9
219709,TN,9
219718,TN,7
219790,TN,7
219806,TN,9
219824,TN,3
219833,TN,7
219842,TN,9
219851,TN,2
219879,TN,3
219888,TN,3
219903,TN,3
219921,TN,4
219949,TN,7
219976,TN,9
219994,TN,4
220002,TN,5
220057,TN,3
220075,TN,9
220118,TN,3
220127,TN,4
220163,TN,2
220181,TN,7
220206,TN,7
220215,TN,9
220251,TN,4
220279,TN,4
220321,TN,4
220394,TN,4
220400,TN,3
220464,TN,3
220473,TN,9
220491,TN,2
220516,TN,9
220552,TN,9
220598,TN,5
220604,TN,5
220613,TN,9
220631,TN,9
220640,TN,4
220701,TN,7
220710,TN,5
220756,TN,4
220765,TN,2
220792,TN,9
220808,TN,7
220853,TN,4
220862,TN,9
220871,TN,9
220978,TN,9
220996,TN,9
221050,TN,4
221096,TN,3
221102,TN,4
221148,TN,4
221184,TN,3
221236,TN,4
221281,TN,4
221333,TN,4
221351,TN,7
221388,TN,4
221397,TN,3
221430,TN,4
221485,TN,3
221494,TN,4
221519,TN,9
221582,TN,4
221591,TN,4
221607,TN,4
221616,TN,4
221625,TN,4
221634,TN,4
221643,TN,3
221661,TN,9
221670,TN,9
221731,TN,7
221740,TN,9
221759,TN,9
221768,TN,7
221829,TN,2
221838,TN,9
221847,TN,9
221892,TN,9
221908,TN,3
221953,TN,8
221971,TN,9
221999,TN,9
222053,TN,3
222062,TN,3
222105,TN,4
222178,TX,9
222497,TX,3
222567,TX,4
222576,TX,3
222628,TX,7
222822,TX,3
222831,TX,9
222877,TX,7
222886,TX,4
222938,TX,5
222983,TX,7
222992,TX,5
223001,TX,9
223056,TX,2
223083,TX,7
223117,TX,7
223223,TX,9
223232,TX,9
223320,TX,4
223427,TX,3
223463,TX,5
223472,TX,3
223506,TX,5
223524,TX,3
223773,TX,3
223816,TX,3
223852,TX,2
223898,TX,3
223922,TX,3
224004,TX,9
224013,TX,2
224110,TX,3
224147,TX,9
224156,TX,2
224226,TX,9
224244,TX,5
224253,TX,5
224271,TX,3
224305,TX,9
224323,TX,9
224350,TX,4
224527,TX,7
224545,TX,9
224554,TX,9
224572,TX,3
224615,TX,5
224642,TX,3
224660,TX,5
224679,TX,5
224712,TX,7
224758,TX,2
224776,TX,7
224828,TX,2
224891,TX,3
224961,TX,5
225070,TX,5
225201,TX,7
225247,TX,9
225308,TX,3
225371,TX,3
225399,TX,9
225414,TX,9
225423,TX,3
225432,TX,7
225502,TX,7
225511,TX,9
225520,TX,3
225548,TX,7
225575,TX,7
225627,TX,9
225876,TX,4
225885,TX,5
225991,TX,3
226019,TX,3
226091,TX,9
226107,TX,4
226116,TX,3
226125,TX,2
226134,TX,5
226152,TX,9
226204,TX,3
226231,TX,7
226277,TX,4
226383,TX,8
226408,TX,3
226471,TX,9
226578,TX,3
226587,TX,7
226675,TX,4
226806,TX,5
226833,TX,9
226860,TX,2
226879,TX,5
226903,TX,3
226930,TX,3
227058,TX,2
227146,TX,3
227182,TX,5
227191,TX,3
227216,TX,9
227225,TX,3
227289,TX,9
227298,TX,1
227304,TX,5
227313,TX,2
227322,TX,2
227331,TX,9
227368,TX,9
227377,TX,3
227386,TX,3
227401,TX,3
227429,TX,5
227526,TX,9
227687,TX,3
227748,TX,4
227757,TX,9
227766,TX,3
227845,TX,9
227854,TX,3
227863,TX,9
227881,TX,9
227924,TX,3
227979,TX,5
228042,TX,8
228088,TX,2
228149,TX,9
228158,TX,3
228185,TX,2
228194,TX,9
228200,TX,2
228219,TX,2
228246,TX,9
228282,TX,2
228316,TX,3
228325,TX,9
228343,TX,5
228431,TX,9
228459,TX,9
228468,TX,7
228486,TX,5
228501,TX,7
228529,TX,9
228547,TX,3
228608,TX,3
228635,TX,9
228644,TX,9
228653,TX,9
228699,TX,3
228705,TX,9
228723,TX,9
228732,TX,9
228769,TX,9
228778,TX,9
228787,TX,9
228796,TX,9
228802,TX,9
228866,TX,9
228875,TX,9
228884,TX,5
228909,TX,9
228981,TX,7
229018,TX,7
229027,TX,9
229063,TX,9
229090,TX,9
229115,TX,9
229160,TX,9
229179,TX,9
229267,TX,7
229300,TX,9
229337,TX,9
229355,TX,5
229407,TX,9
229416,TX,4
229425,TX,2
229504,TX,3
229522,TX,2
229540,TX,3
229656,TX,2
229780,TX,9
229799,TX,5
229814,TX,9
229832,TX,3
229841,TX,3
229887,TX,5
229957,UT,2
230010,UT,2
230038,UT,9
230047,HI,5
230056,UT,7
230065,UT,2
230144,UT,2
230162,UT,2
230171,UT,7
230199,UT,4
230205,UT,4
230214,UT,2
230366,UT,7
230418,UT,3
230490,UT,2
230597,UT,5
230603,UT,7
230621,UT,5
230630,UT,5
230676,UT,2
230728,UT,9
230737,UT,7
230746,UT,3
230764,UT,9
230782,UT,9
230807,UT,9
230816,VT,7
230834,VT,8
230852,VT,7
230861,VT,3
230889,VT,7
230913,VT,8
230940,VT,7
230959,VT,9
230977,VT,5
230995,VT,7
231004,VT,2
231059,VT,8
231068,VT,7
231095,VT,5
231147,VT,9
231156,VT,8
231165,VT,7
231174,VT,9
231280,VA,2
231411,VA,3
231420,VA,5
231536,VA,3
231554,VA,7
231581,VA,7
231624,VA,9
231651,VA,9
231688,VA,2
231697,VA,4
231712,VA,7
231721,VA,2
231785,VA,5
231837,VA,9
231873,VA,3
231882,VA,4
231970,VA,9
232016,VA,5
232025,VA,9
232043,VA,9
232052,VA,3
232089,VA,7
232186,VA,9
232195,VA,3
232256,VA,5
232265,VA,9
232308,VA,8
232414,VA,3
232423,VA,9
232450,VA,3
232557,VA,9
232566,VA,8
232575,VA,3
232609,VA,9
232618,VA,5
232672,VA,9
232681,VA,7
232706,VA,9
232724,VA,3
232788,VA,3
232797,VA,7
232867,VA,4
232885,VA,7
232919,VA,2
232937,VA,9
232946,VA,3
232982,VA,9
233019,VA,3
233037,VA,3
233082,VA,3
233116,VA,3
233277,VA,9
233286,VA,2
233295,VA,5
233301,VA,7
233310,VA,3
233329,VA,3
233338,VA,3
233356,VA,5
233374,VA,9
233408,VA,5
233426,VA,5
233480,VA,4
233541,VA,9
233602,NC,5
233611,VA,5
233639,VA,4
233648,VA,3
233666,VA,2
233684,VA,7
233718,VA,7
233754,VA,3
233772,VA,3
233842,VA,9
233897,VA,5
233903,VA,4
233921,VA,9
233949,VA,3
234030,VA,9
234076,VA,9
234085,VA,5
234119,VA,2
234137,VA,9
234155,VA,9
234164,VA,9
234173,VA,7
234207,VA,9
234377,VA,4
234669,WA,5
234696,WA,5
234711,WA,3
234827,WA,8
234845,WA,5
234915,WA,9
234924,WA,2
234933,WA,5
234951,WA,5
234979,WA,5
235024,WA,5
235088,WA,2
235097,WA,9
235103,WA,5
235149,WA,4
235158,WA,2
235167,WA,7
235237,WA,5
235307,WA,2
235316,WA,9
235334,WA,5
235343,WA,5
235352,WA,2
235422,WA,8
235431,WA,5
235501,WA,2
235547,WA,9
235583,WA,2
235671,WA,4
235699,WA,5
235750,WA,5
236018,WA,2
236072,WA,5
236133,WA,9
236188,WA,5
236212,WA,4
236230,WA,9
236258,WA,5
236328,WA,9
236382,WA,5
236452,WA,9
236504,WA,5
236513,WA,5
236577,WA,9
236595,WA,9
236610,WA,3
236638,WA,5
236656,WA,4
236692,WA,5
236708,WA,5
236744,WA,2
236753,WA,5
236887,WA,5
236896,WA,9
236939,WA,9
236948,WA,9
236975,WA,5
237011,WA,9
237039,WA,5
237057,WA,5
237066,WA,8
237109,WA,5
237118,WV,7
237127,KY,2
237136,WV,7
237145,WV,2
237172,WV,2
237181,WV,7
237215,WV,5
237242,WV,2
237303,WV,4
237312,WV,9
237321,WV,4
237330,WV,8
237358,WV,5
237367,WV,8
237385,WV,5
237437,WV,3
237473,WV,2
237491,WV,2
237525,WV,9
237543,WV,4
237552,WV,4
237561,WV,2
237570,WV,4
237598,WV,3
237640,WV,7
237686,WV,5
237701,WV,5
237729,WV,2
237783,WV,9
237792,WV,9
237817,WV,3
237844,WV,4
237880,WV,9
237899,WV,7
237905,WV,6
237932,WV,7
237950,WV,5
237969,WV,9
237987,WV,3
237996,WV,3
238005,WV,4
238014,WV,3
238032,WV,9
238078,WV,9
238096,WV,2
238175,WI,4
238193,WI,9
238263,WI,6
238324,WI,9
238333,WI,5
238397,WI,4
238430,WI,9
238458,WI,9
238476,WI,7
238573,WI,7
238616,WI,9
238661,WI,9
238722,WI,4
238759,WI,3
238810,WI,4
238980,WI,8
239008,WI,4
239017,WI,5
239071,WI,9
239080,WI,8
239105,WI,9
239169,WI,9
239220,WI,4
239248,WI,4
239309,WI,5
239318,WI,7
239372,WI,4
239390,WI,9
239424,WI,9
239442,WI,3
239460,WI,3
239488,WI,4
239512,WI,5
239628,WI,5
239637,WI,7
239716,WI,7
239743,WI,7
239877,WI,2
239910,WI,4
240107,WI,9
240116,WI,4
240125,WI,4
240170,WI,3
240189,WI,9
240198,WI,4
240213,WI,9
240268,WI,9
240277,WI,9
240329,WI,9
240338,WI,7
240365,WI,9
240374,WI,7
240392,WI,8
240417,WI,9
240426,WI,7
240435,WI,9
240444,WI,9
240453,WI,9
240462,WI,7
240471,WI,7
240480,WI,9
240505,WY,4
240514,WY,5
240596,WY,3
240620,WY,5
240657,WY,3
240666,WY,3
240693,WY,3
240709,WY,2
240718,WY,4
240727,WY,9
240736,AS,5
240745,GU,5
240754,GU,7
240790,MP,5
240879,PR,2
240985,PR,3
241100,PR,7
241128,PR,7
241146,PR,4
241182,PR,4
241191,PR,7
241216,PR,7
241225,PR,8
241304,PR,7
241331,PR,9
241377,PR,9
241386,PR,7
241395,PR,9
241410,PR,9
241517,PR,5
241614,PR,7
241720,PR,5
241739,PR,9
241766,PR,7
241793,PR,9
241836,PR,7
241906,PR,2
241951,PR,5
242042,PR,3
242060,PR,9
242112,PR,5
242121,PR,5
242130,PR,3
242149,PR,3
242413,PR,2
242422,PR,3
242556,PR,3
242565,PR,3
242583,PR,3
242617,PR,9
242626,PR,7
242635,PR,8
242644,PR,9
242653,PR,9
242662,PR,9
242671,PR,9
242680,PR,7
242699,PR,7
242705,PR,7
242723,PR,9
242750,PR,2
242820,PR,4
242945,PR,2
242954,PR,2
242972,PR,7
243081,PR,9
243106,PR,5
243115,PR,5
243133,PR,5
243142,PR,5
243151,PR,5
243160,PR,9
243179,PR,5
243188,PR,5
243197,PR,9
243203,PR,9
243212,PR,5
243221,PR,9
243346,PR,7
243443,PR,7
243498,PR,9
243568,PR,9
243577,PR,9
243586,PR,7
243601,PR,9
243638,FM,5
243647,PW,3
243665,VI,9
243744,CA,9
243780,IN,9
243799,MA,2
243823,TX,9
243832,PR,7
243841,PR,3
244233,FL,5
244279,FL,3
244437,GA,3
244446,GA,4
244613,IL,2
245281,MS,2
245625,NJ,3
245652,NM,7
245777,NY,5
245838,CA,7
245847,CA,9
245865,NH,9
245883,WA,9
245892,OH,7
245953,OK,8
245962,OK,3
245980,OK,2
245999,OK,2
246017,OK,2
246035,OR,2
246071,PA,2
246345,TX,9
246354,TX,3
246406,TX,2
246415,TX,2
246460,TX,2
246789,NY,9
246813,GA,4
246895,AZ,2
246974,CA,3
247010,ID,2
247047,ID,4
247065,KY,5
247083,LA,5
247153,MI,2
247162,MI,9
247409,MI,2
247603,NJ,4
247649,VT,6
247737,MS,4
247773,MI,9
247825,TX,7
247834,TX,5
247940,KY,4
248192,KY,4
248305,KY,2
248527,LA,2
248606,OK,4
248624,PA,2
248633,PA,2
248660,TN,2
248703,TX,2
248925,TN,4
248934,VA,7
249061,IL,2
249140,NJ,2
249238,TX,2
249566,OH,2
249609,PA,3
250027,PA,3
250285,PA,4
250744,MI,2
250902,OH,4
250993,OK,2
251260,AL,3
251312,SC,8
260336,MO,2
260363,PA,2
260372,WI,5
260664,LA,1
260691,AZ,3
260789,CA,5
260813,CO,5
260929,ID,2
260965,IL,2
260992,IL,5
261436,MI,4
261676,MI,2
261685,MI,2
261719,MI,2
261773,MO,2
261861,PA,3
262022,CA,7
262031,MO,3
262086,CA,9
262129,FL,7
262165,MT,5
262341,AZ,2
262369,CA,2
262402,CA,1
262457,CA,3
262466,CO,1
362700,FL,2
362782,MA,1
363013,MI,2
363077,NJ,2
363147,OH,4
363165,OK,4
363439,KY,5
363633,NM,4
363679,MO,2
363712,FL,7
363721,DC,9
363882,OH,4
363907,PR,9
363916,PR,7
363934,AZ,7
364016,AZ,3
364025,AZ,4
364548,OK,4
364575,WV,4
364627,OK,2
364636,OH,2
364751,LA,1
364760,IL,2
364946,OK,2
364964,NY,2
365091,GA,2
365125,CA,2
365198,OK,2
365204,TX,3
365213,OK,4
365240,OH,1
365374,OK,4
365383,PA,2
365480,OK,4
365505,MO,2
365693,NE,4
365763,NJ,2
365824,MI,2
365833,MI,2
366003,FL,9
366155,LA,2
366191,IL,4
366252,PA,7
366261,TX,3
366270,LA,3
366289,CA,3
366340,MT,5
366368,NY,7
366395,NY,3
366401,CA,4
366438,MD,2
366465,GA,4
366535,AL,5
366553,FL,5
366571,IA,4
366605,NM,7
366623,OK,2
366632,PA,2
366711,CA,9
367051,IL,2
367088,IN,2
367103,KY,3
367112,LA,3
367158,MI,2
367334,NY,1
367361,TX,3
367431,PA,2
367459,AR,3
367875,FL,4
367884,FL,7
367954,CA,9
367972,IL,2
367981,IL,2
368036,IN,1
368230,NJ,2
368364,OK,2
368407,PA,2
368443,TN,5
368452,TN,5
368540,TX,2
368629,WA,3
368647,WV,2
368771,CA,1
368832,CA,2
368911,GA,4
369002,MA,9
369109,OH,2
369400,FL,4
369419,FL,4
369446,IL,2
369455,IL,3
369516,MO,7
369659,OR,9
369668,PA,3
369686,TX,2
369695,TX,2
369783,TX,2
369950,OH,1
371034,AL,2
371052,AL,2
371690,CA,4
371830,CA,2
371928,CA,4
371964,CA,3
372028,CA,2
372073,CA,7
372082,CA,2
372240,CA,2
372329,CO,3
372356,CO,2
372462,FL,2
372718,FL,3
372921,GA,3
373085,IA,3
373216,IL,2
373456,LA,2
373526,LA,1
373678,MA,2
373696,MA,2
373711,MA,2
373784,MD,2
374024,MN,8
374316,MS,2
374343,MS,2
374574,NJ,2
374592,NJ,2
374990,NY,2
375106,NY,1
375230,NY,5
375373,OH,2
375407,OH,4
375416,OH,3
375540,OH,1
375568,OH,1
375656,OK,2
375683,OK,4
375726,OK,2
375939,PA,3
375966,PA,2
375984,PA,2
376224,PR,5
376242,PR,2
376288,PR,2
376321,PR,5
376330,PR,2
376385,PR,5
376446,SC,2
376631,TN,2
376677,TN,2
376695,MH,5
377111,TX,3
377193,TX,2
377218,TX,4
377272,TX,2
377281,TX,2
377315,TX,2
377342,TX,5
377449,VA,3
377458,VA,3
377485,VA,2
377546,WA,5
377555,WA,7
377564,WA,9
377643,WV,4
377652,WV,2
377661,WV,5
377722,CA,4
377759,CA,2
378105,CA,3
378576,CA,9
378886,FL,2
378956,FL,4
379621,NY,2
379746,TX,2
379782,TX,3
380067,TX,2
380359,MI,5
380368,MN,3
380377,WA,5
380438,UT,5
380456,UT,2
380465,UT,7
381255,CA,2
381282,CA,2
381325,CA,2
381352,CO,7
381361,CO,2
381370,MI,2
381404,TX,2
381459,AZ,9
381486,IA,4
381699,CO,2
381732,CO,1
382258,CA,2
382267,CA,2
382416,MA,2
382461,MS,2
382780,TN,2
382911,TX,3
382957,VA,3
383020,WI,7
383084,CA,3
383163,FL,2
383190,HI,4
383279,NJ,2
383297,NY,2
383312,OH,2
383330,OH,2
383367,PA,2
383464,TX,2
383525,NY,2
383765,NY,2
383792,TX,2
383996,NM,4
384236,CA,2
384245,CA,2
384254,FL,5
384306,CA,9
384333,AZ,3
384342,IL,3
384412,DC,9
384421,NJ,5
385132,FL,2
385415,NY,9
385503,PA,3
385549,TX,2
385619,FL,7
386153,NY,3
386472,FL,8
387925,FL,2
388520,TX,5
388663,OH,4
389860,OH,2
390905,OH,2
391005,MI,2
391546,FL,2
391759,MI,2
392257,TX,5
392354,NY,4
392415,TX,3
392840,TN,7
393524,CA,2
393649,CA,2
393861,CA,2
395362,CA,3
395690,CA,1
397942,CA,2
399212,CA,3
399869,CA,5
399911,CA,7
400080,CA,2
400187,CA,2
400558,CA,3
401223,CA,9
401250,CA,9
401481,IL,2
401764,IL,2
402563,LA,2
402776,NM,7
402800,TX,2
403469,IL,3
403478,IL,3
403487,IL,3
404037,AZ,1
404055,AZ,5
404222,PR,9
404338,FL,7
404426,AZ,3
404480,MD,9
404684,PR,2
404718,TN,2
404806,PR,5
404912,CO,3
404994,NY,5
405012,OH,4
405058,NY,5
405076,TX,2
405854,NY,5
405872,MD,3
405997,NM,7
406024,FL,5
406033,TX,5
406149,FL,1
406325,NY,2
406361,NY,2
406413,PA,2
406422,PA,2
406486,UT,1
406547,FL,5
407009,AZ,9
407090,IL,2
407142,LA,2
407151,LA,2
407179,MA,2
407355,NE,4
407391,NJ,2
407407,NJ,2
407425,NJ,2
407434,NY,2
407461,OH,2
407470,OH,2
407489,OH,2
407513,OH,2
407522,OH,1
407568,OH,4
407577,OH,2
407595,OH,2
407610,OR,5
407629,PA,9
407683,TX,2
407708,WA,2
407735,WI,2
407832,OH,4
408066,KS,2
408163,NC,2
408385,TX,2
408729,PA,3
408844,FL,7
408862,GA,2
409032,FL,2
409120,MO,2
409193,PR,2
409254,IL,7
409315,TX,5
409379,TN,4
409537,OH,1
409591,OH,2
409616,RI,9
409698,CA,7
410797,OH,2
410964,MA,2
411684,CA,2
411754,OH,4
412173,FL,3
412535,MA,2
412544,NY,2
412599,TN,5
413176,WV,2
413413,MN,9
413617,WI,5
413626,MN,3
413680,CA,4
413778,CT,4
413802,CA,3
413820,OK,2
413893,GA,2
413945,GA,2
413972,NC,2
414063,NJ,2
414124,MA,1
414461,PR,3
414489,TX,2
414540,PA,2
414595,NY,8
414823,FL,7
414869,IN,2
414878,IN,7
414911,PA,3
414939,NV,4
414966,OK,9
415039,PA,2
415057,CT,2
415987,NY,2
416458,CA,4
416801,TX,7
417008,AL,2
417062,CA,2
417105,CA,2
417123,CA,2
417248,CT,4
417275,CT,4
417327,FL,3
417381,GA,2
417442,IL,2
417503,KS,2
417600,MN,2
417628,MO,2
417637,MO,2
417646,MO,2
417655,MO,2
417682,MO,2
417716,MO,2
417725,MO,2
417734,MO,5
417752,TX,5
417831,NJ,2
417840,PA,2
417868,NY,2
417886,NY,2
417910,NY,2
417983,NY,2
417992,NY,2
418001,NY,2
418010,NY,2
418029,NY,2
418038,NY,2
418056,NY,2
418065,NY,2
418083,NY,2
418126,NY,7
418171,NY,2
418199,OH,1
418205,OH,2
418223,OH,2
418250,OH,2
418269,OH,2
418278,OH,2
418296,OK,4
418302,OK,2
418320,OK,2
418339,OK,2
418348,OK,2
418357,OK,2
418409,PA,2
418427,PA,2
418445,PA,2
418454,PA,2
418481,PA,2
418515,PA,2
418524,PA,2
418533,PA,3
418542,PA,2
418560,PA,2
418588,PA,2
418612,PA,2
418658,PA,2
418764,PR,2
418773,PR,2
418782,PR,2
418889,TN,4
418913,TX,2
418968,TX,2
419031,WV,2
419095,MA,2
419183,CA,4
419217,FL,2
419226,FL,4
419235,GA,2
419244,GA,3
419253,IL,2
419280,MO,2
419332,PA,2
419341,PA,3
419420,WV,2
419484,PA,2
419633,TX,2
419703,PR,2
419712,PR,2
419721,PR,2
420024,VA,5
420042,HI,7
420130,NJ,2
420246,AZ,9
420255,PR,2
420325,NY,5
420343,NJ,4
420370,DC,3
420398,TX,3
420431,GA,4
420440,ME,3
420459,OK,2
420468,NY,4
420538,AR,3
420556,OR,3
420574,AZ,9
420608,CA,2
420705,TX,9
420723,OR,3
420802,AZ,9
420981,NY,4
421513,KY,3
421610,UT,2
421665,MI,2
421708,AZ,3
421717,OH,2
421771,MO,2
421832,NC,5
421841,NY,3
421878,NJ,5
421896,PR,2
422020,CA,3
422695,CA,7
422835,CA,4
423120,FL,1
423397,PR,2
423412,TX,2
423643,AZ,9
423652,OR,3
425250,GA,3
425986,MA,2
426314,FL,9
427308,NY,4
427335,NY,1
427894,VA,2
427973,VA,4
427982,VA,3
427991,FL,2
428000,FL,4
428019,OK,2
428055,PR,4
428125,CA,2
428143,OK,2
428170,FL,3
428259,WI,7
428392,OR,3
428426,CA,4
428453,MN,9
429012,FL,1
429085,TX,9
429094,TX,9
429128,MA,3
430184,MD,7
430218,NJ,2
430227,PA,2
430245,TX,2
430306,VA,1
430403,NJ,2
430485,NE,5
430564,NY,1
430582,FL,1
430670,PR,9
430704,TX,9
430795,WV,4
430883,NY,2
430908,PA,2
430935,PR,3
430971,PA,2
431017,OK,2
431071,NY,2
431099,MA,2
431105,NY,2
431123,PR,2
431141,CA,4
431169,WV,2
431187,CT,2
431196,NY,2
431266,VA,2
431275,NY,2
431284,TX,2
431558,FL,2
431600,PA,4
431716,NJ,2
431929,PR,3
431983,NY,5
432074,OK,2
432117,SC,2
432144,CA,4
432223,WA,7
432269,TX,1
432348,VA,9
432384,CA,5
432524,DE,3
433004,CA,9
433013,CA,5
433040,MA,2
433068,FL,4
433101,RI,2
433138,OH,2
433165,IL,2
433174,NC,5
433387,UT,7
433420,CA,7
433536,LA,8
433660,FL,9
433970,ME,2
434016,NE,3
434061,LA,3
434140,CA,3
434159,GA,3
434274,TX,2
434283,TX,2
434292,NC,2
434308,MD,1
434344,MA,2
434362,WA,2
434432,NE,3
434441,FL,7
434469,FL,1
434496,SC,2
434520,CT,2
434539,FL,5
434584,AK,5
434672,MD,3
434715,FL,9
434751,MN,3
434821,LA,3
434830,OH,4
434900,PR,5
434937,MD,5
435000,LA,9
436003,NJ,2
436030,MD,2
436100,ID,4
436261,CO,7
436304,LA,3
436429,CA,5
436553,PR,2
436599,MA,3
436614,AZ,9
436632,NC,2
436641,AL,2
436650,LA,2
436775,TX,2
436818,CT,5
436827,CT,5
436836,CT,5
437097,VA,9
437103,LA,3
437237,RI,4
437316,OR,7
437325,OR,6
437556,IL,2
437608,TX,2
437635,TX,3
437705,PR,3
437723,NJ,2
437732,TX,5
437750,CA,3
437769,VA,3
437778,TX,2
437857,IN,2
437936,CA,3
438151,UT,7
438179,AZ,5
438221,PA,3
438258,CA,3
438285,FL,2
438337,PR,2
438498,VA,7
438504,CA,3
438586,GA,7
438665,CA,5
438674,MS,2
438708,WV,3
438735,IN,4
438869,AR,3
438984,PR,2
439020,IL,9
439118,WA,3
439145,WA,3
439154,TX,9
439190,WA,5
439288,CO,7
439367,CA,5
439394,FL,7
439446,FL,9
439455,OH,2
439473,DC,2
439491,LA,2
439507,TX,3
439570,OK,3
439622,NY,2
439668,AZ,1
439686,FL,1
439701,TX,9
439738,LA,3
439747,CA,2
439774,FL,2
439783,NY,8
439792,FL,3
439817,NY,9
439844,LA,2
439862,GU,5
439871,CA,5
439899,OH,3
439914,WA,9
439932,OK,2
439969,FL,7
439996,NM,1
440004,NH,8
440031,CA,9
440059,GA,4
440101,GA,2
440138,OH,9
440217,PA,2
440226,MO,2
440262,NY,3
440271,LA,3
440396,ID,7
440402,AR,3
440411,VT,7
440651,PR,5
440730,NY,2
440749,SD,5
440758,NM,5
440776,TX,3
440794,NJ,7
440819,CA,4
440828,OR,7
440855,TX,2
440916,LA,9
440989,TX,2
441025,SC,3
441052,CA,3
441070,MI,3
441104,TN,7
441131,WA,7
441168,OR,4
441210,AZ,2
441229,CA,5
441238,CA,9
441256,CA,2
441362,DE,2
441371,FL,3
441380,FL,2
441414,FL,2
441423,FL,3
441487,MO,3
441496,MO,4
441502,MS,2
441548,NJ,1
441575,NY,2
441593,NY,2
441609,NY,5
441618,NY,2
441636,OH,7
441645,OH,4
441663,OR,2
441672,PA,2
441690,PR,7
441706,PR,2
441742,TX,3
441760,TX,3
441788,TX,4
441830,UT,2
441858,VA,4
441876,VA,2
441900,NV,7
441937,CA,7
441982,MA,5
442064,PA,9
442073,NJ,2
442134,CO,3
442161,IL,7
442213,ME,4
442240,CA,2
442295,FL,9
442329,FL,2
442356,PA,9
442383,WV,3
442392,OH,9
442426,MO,7
442435,GA,3
442444,CA,3
442523,AK,3
442569,KS,7
442602,NM,3
442611,NC,4
442639,VA,7
442657,CA,1
442781,AZ,4
442806,VA,9
442842,IL,9
442879,AZ,3
442888,CA,3
442930,CA,7
442949,OR,5
442967,NM,3
442976,KY,2
442985,CA,2
443021,TX,2
443030,IL,6
443049,WA,9
443058,OK,7
443076,NC,9
443100,PR,2
443128,CA,9
443137,MI,1
443146,TX,2
443173,IL,2
443207,CA,1
443216,NJ,2
443225,NJ,2
443234,FL,2
443252,FL,2
443261,SC,3
443289,CO,4
443298,TX,2
443322,TX,2
443331,CA,5
443340,TN,7
443368,IL,3
443377,PA,3
443410,WA,7
443492,WV,3
443562,PR,7
443571,CA,3
443599,OR,7
443632,CO,2
443641,RI,2
443650,TN,3
443669,NV,1
443678,MA,2
443696,TX,3
443702,IL,9
443711,TX,9
443748,GA,3
443766,TN,7
443784,PA,7
443951,PR,2
443979,MN,2
444051,OH,4
444088,NM,5
444103,PA,7
444130,CA,9
444194,PR,2
444200,DE,2
444219,CA,3
444228,SC,2
444255,TN,5
444264,PR,2
444282,VA,2
444291,MD,2
444307,PA,2
444316,MT,4
444325,CA,5
444334,FL,3
444343,CA,3
444361,CA,3
444370,FL,1
444398,TX,5
444404,FL,2
444413,NY,9
444440,AL,2
444468,TN,2
444486,NC,2
444510,CA,2
444529,CA,1
444556,TX,3
444565,TX,3
444583,PR,2
444592,NV,2
444635,OH,2
444662,LA,2
444671,PR,2
444699,HI,7
444714,GA,3
444732,PR,2
444778,NC,9
444787,UT,7
444796,GA,2
444811,PA,4
444857,UT,2
444866,SC,3
444893,DC,2
444936,AZ,2
444945,LA,2
444954,WV,3
445027,AZ,9
445054,IL,9
445133,TX,7
445188,CA,9
445203,TX,5
445212,FL,2
445230,NV,3
445249,TN,3
445258,OK,2
445267,MO,7
445300,NJ,5
445364,CA,4
445461,TX,3
445498,PR,2
445540,AR,2
445638,MA,1
445647,MA,1
445656,MA,1
445692,UT,5
445708,NC,7
445735,NV,9
445744,FL,3
445762,VA,4
445780,ID,2
445799,PA,4
445841,SC,2
445850,SC,2
445869,VA,9
445911,CT,4
445948,NV,3
445957,IL,1
446002,MN,9
446039,AZ,7
446048,FL,9
446084,IL,2
446093,CA,2
446109,FL,3
446118,CA,3
446127,FL,3
446136,MI,3
446163,CA,3
446206,VA,2
446224,NJ,7
446233,AR,7
446242,KY,2
446251,IL,1
446260,WA,2
446288,MI,2
446303,NJ,4
446349,WV,2
446385,CA,5
446394,MD,9
446455,PA,2
446516,PR,2
446525,TN,5
446534,MO,2
446552,FL,3
446561,CA,7
446589,FL,3
446598,NE,3
446604,NY,5
446613,SC,5
446640,PA,9
446677,UT,5
446774,WV,3
446978,CO,9
446996,PA,2
447014,FL,5
447023,MS,2
447050,CA,8
447148,AZ,2
447166,CO,2
447175,CO,2
447263,UT,7
447351,CA,3
447379,OK,2
447403,MA,4
447421,UT,5
447430,NY,2
447449,TX,2
447458,CA,5
447467,LA,2
447582,WV,3
447591,TX,3
447607,CA,2
447616,CA,2
447689,GA,5
447698,AZ,7
447704,AZ,2
447713,CA,3
447722,CA,2
447731,CA,2
447759,CA,4
447768,CA,3
447777,CA,3
447795,CA,2
447801,CA,9
447810,CA,2
447847,FL,4
447865,FL,2
447874,FL,2
447883,FL,2
447892,FL,2
447908,FL,2
447917,GA,1
447935,KY,3
447953,CA,7
447962,LA,2
447971,MD,2
447980,MI,2
447999,MO,3
448017,MS,1
448026,ND,4
448044,NV,1
448071,NY,2
448123,PR,2
448196,TX,2
448220,UT,2
448239,UT,5
448248,UT,2
448257,VA,2
448275,WV,1
448336,AR,9
448354,NJ,5
448372,CA,3
448381,CA,5
448424,OK,2
448433,CA,4
448594,CA,3
448600,OH,3
448619,CT,4
448637,CA,3
448646,LA,2
448673,IL,7
448691,PA,7
448707,PR,2
448752,CO,5
448761,CO,5
448770,PA,4
448798,WI,2
448840,FL,7
448859,PA,3
448886,AZ,9
448895,CA,2
448983,NJ,2
449038,FL,7
449074,WA,3
449083,FL,3
449092,FL,3
449135,PR,7
449250,TX,3
449311,NY,2
449320,NY,4
449339,WV,9
449348,AL,9
449357,CA,2
449366,CA,1
449384,CA,5
449393,CA,2
449445,CA,3
449454,CO,1
449463,CT,2
449472,DE,2
449481,FL,7
449490,FL,2
449506,FL,3
449524,FL,3
449533,FL,2
449597,IN,2
449603,IN,2
449612,LA,3
449658,NJ,5
449667,NY,2
449676,NY,4
449685,NY,2
449700,OH,2
449719,OH,2
449728,OK,4
449764,TN,7
449773,TX,1
449782,TX,2
449807,TX,2
449816,UT,2
449834,VA,9
449861,WI,3
449870,CA,9
449889,IN,9
449898,FL,9
449904,TX,2
449922,VA,9
449931,VA,8
449959,FL,2
449968,CA,4
449977,MI,2
449986,CA,2
449995,VA,2
450021,LA,2
450058,OH,3
450067,OH,3
450119,AR,2
450128,LA,3
450298,DE,7
450304,TX,9
450377,AL,7
450395,OH,4
450401,OK,2
450571,WI,9
450599,VA,2
450605,PA,2
450614,NC,2
450632,KY,1
450641,NH,2
450650,WI,2
450696,CA,3
450702,CA,3
450711,TX,2
450720,NV,2
450933,AL,9
450951,AZ,2
450960,CA,4
450979,CA,9
450988,CA,2
451033,CO,2
451042,CT,2
451051,DE,1
451079,FL,7
451097,FL,2
451103,FL,9
451121,FL,2
451149,FL,2
451158,FL,2
451167,FL,2
451194,IA,1
451228,IN,2
451237,KS,2
451255,MA,2
451264,MA,1
451282,MI,2
451291,MI,1
451307,MI,2
451316,MO,2
451334,MO,2
451343,MS,2
451352,NC,2
451370,NJ,5
451398,NJ,5
451404,NY,5
451413,NY,4
451459,NY,2
451468,OH,2
451477,OH,3
451495,PA,2
451501,PR,2
451510,SC,9
451529,TN,2
451547,TX,2
451556,TX,5
451565,TX,2
451574,UT,2
451583,UT,2
451626,WA,2
451635,WA,1
451671,FL,8
451714,TX,2
451741,PR,5
451750,WI,5
451820,TX,5
451857,TX,3
451866,LA,5
451909,MD,3
451918,TN,2
451927,VA,5
452009,ND,4
452072,MI,2
452081,OH,3
452106,PR,4
452124,TN,3
452373,OH,3
452540,OH,1
452771,OH,1
452780,OH,1
452887,OH,2
452948,OH,5
453163,NC,7
453215,NJ,7
453297,OH,2
453756,OH,2
453792,OH,4
454184,NY,5
454218,IL,9
454227,IL,9
454236,OH,5
454245,AZ,5
454306,MI,3
454458,AR,3
454537,WI,4
454546,CA,2
454555,NV,2
454582,KS,7
454607,GA,2
454616,MN,5
454652,AL,2
454689,CO,9
454698,CA,3
454722,CA,2
454759,CA,2
454768,CA,2
454777,CA,2
454786,CA,5
454795,CA,2
454801,CA,2
454810,CO,3
454829,CO,9
454838,CO,7
454847,CO,2
454856,CO,7
454865,FL,3
454874,FL,2
454917,FL,2
454926,GA,2
454935,ID,4
454944,ID,4
454953,IL,2
454962,IL,2
454971,IL,2
454980,IL,2
454999,IL,2
455008,IL,2
455026,MD,2
455062,MI,2
455071,MO,1
455080,MO,2
455099,MO,7
455105,MS,2
455114,ID,4
455141,NC,2
455178,NC,9
455187,NJ,2
455196,NJ,3
455202,NJ,4
455211,NV,2
455220,NY,2
455239,NY,2
455257,NY,5
455275,OH,2
455284,OH,2
455327,TX,1
455336,TX,3
455354,TX,2
455381,UT,2
455406,WA,9
455433,CA,9
455460,AL,2
455479,FL,3
455488,AL,2
455512,CA,3
455558,MI,2
455628,AL,3
455664,CA,9
455707,AL,4
455725,AZ,2
455734,CA,2
455761,CA,2
455770,CA,5
455798,CT,2
455804,DC,9
455813,DC,9
455831,FL,2
455859,ID,2
455868,CA,3
455877,IL,2
455886,IL,2
455895,IL,2
455901,MD,2
455910,NC,1
455929,OK,2
455956,PR,3
455965,RI,2
455974,TX,1
455983,VA,3
455992,VT,7
456001,VT,2
456029,TN,2
456038,AZ,3
456065,OH,2
456074,OH,2
456126,FL,2
456135,MN,2
456153,TX,3
456205,NC,4
456214,TX,2
456287,NE,4
456454,UT,3
456481,FL,7
456490,FL,7
456506,IN,3
456515,MI,2
456542,PA,9
456551,ND,4
456560,OK,2
456579,PA,3
456588,CA,2
456597,CA,2
456621,WV,7
456825,LA,2
456852,CA,3
456922,TX,2
456931,TX,2
456959,MN,5
456968,NC,4
456977,FL,3
457031,IL,2
457077,CA,2
457086,CA,7
457101,NV,3
457110,NV,3
457129,FL,5
457174,SC,2
457192,AR,2
457208,CA,2
457226,IN,7
457244,CA,2
457253,CA,2
457271,CA,7
457299,CA,7
457314,CA,2
457323,CA,2
457332,CT,2
457341,CT,2
457350,FL,4
457378,FL,2
457387,FL,4
457396,FL,2
457402,FL,7
457411,FL,4
457420,FL,2
457439,FL,2
457448,FL,2
457466,GA,2
457475,GA,2
457484,HI,7
457493,ID,2
457527,IL,5
457536,IL,3
457545,IL,2
457554,IL,2
457563,IN,2
457572,IN,2
457581,KS,2
457606,LA,2
457615,MA,2
457624,MA,2
457633,MI,2
457642,MI,2
457651,MN,3
457679,MN,4
457688,MO,7
457697,MO,7
457721,MT,2
457749,MT,2
457767,NJ,2
457776,NM,2
457785,NV,2
457794,NY,1
457800,NY,4
457819,NY,1
457837,NY,2
457846,NY,2
457855,NY,2
457873,OH,2
457916,OH,4
457925,OR,4
457943,PA,2
457952,PA,2
457989,SC,2
457998,SC,2
458007,TN,2
458034,TX,4
458043,TX,2
458052,TX,2
458061,TX,2
458070,TX,2
458098,TX,2
458104,UT,2
458113,VA,5
458122,VA,1
458131,WA,2
458140,WA,3
458168,WI,4
458210,CA,9
458229,CA,5
458265,IL,2
458274,IL,2
458380,MI,2
458405,NC,3
458423,NV,1
458441,GA,3
458496,VA,5
458575,CA,7
458681,IN,3
458803,TN,2
458812,TN,2
458821,TN,2
458830,PA,2
458849,NJ,2
458858,IN,2
458867,GA,2
458885,AR,7
458919,GA,7
458955,MS,7
458964,SC,7
458973,TX,7
458982,TX,5
459000,TN,2
459019,NC,2
459046,NC,2
459055,FL,2
459064,NC,2
459116,AZ,2
459125,AZ,2
459170,CA,2
459189,CA,2
459198,CA,2
459204,CA,5
459213,CA,5
459231,CA,2
459259,VA,8
459268,VA,8
459277,CO,2
459286,CO,2
459295,CO,2
459301,DE,2
459310,FL,3
459329,FL,4
459347,FL,2
459374,IL,1
459392,IN,2
459408,MA,2
459417,MI,5
459426,MN,2
459462,NY,2
459499,OR,1
459514,TX,3
459523,TX,2
459532,TX,2
459541,UT,2
459550,WA,4
459578,WI,2
459727,CA,9
459736,CA,9
459745,DC,9
459824,NV,9
459842,WI,8
459851,WI,8
459949,TX,7
459958,TX,3
459967,TX,2
459985,TX,2
459994,DC,7
460011,SC,2
460020,SC,3
460093,MI,2
460109,IN,3
460118,OH,2
460127,MI,2
460136,TX,3
460145,IL,2
460172,TX,2
460181,TX,3
460190,FL,3
460206,TX,3
460349,RI,9
460376,VA,7
460385,PA,4
460394,CA,4
460446,NY,2
460455,NY,2
460464,CA,3
460482,MI,2
460516,CA,2
460525,ID,1
460534,TX,2
460543,TX,4
460570,NH,2
460598,PA,2
460677,PR,3
460701,FL,2
460738,CO,9
460756,HI,3
460765,NC,2
460783,FL,5
460808,ID,1
460817,NC,3
460826,GA,3
460835,SC,3
460862,OR,4
460871,VA,5
460899,ID,5
460914,AZ,2
460932,MO,2
460969,FL,2
460978,TX,2
460987,AR,2
460996,MO,2
461005,FL,3
461014,NY,3
461023,AZ,7
461032,NC,7
461087,OK,2
461111,OH,4
461120,TN,9
461139,NC,7
461148,CA,7
461157,NY,2
461175,CA,2
461193,PA,2
461218,PA,3
461245,FL,4
461254,CA,3
461263,CA,5
461272,UT,2
461281,FL,7
461290,NH,2
461306,FL,2
461315,MI,3
461324,TN,3
461333,HI,1
461342,UT,2
461351,NY,2
461379,MD,1
461388,TX,2
461412,VA,1
461421,MO,2
461430,NV,2
461485,NC,7
461494,UT,2
461500,CA,2
461528,NC,9
461537,MO,2
461555,NM,2
461573,MO,3
461582,IL,1
461591,HI,4
461607,CA,2
461625,PR,2
461643,CA,7
461652,ID,2
461689,CO,3
461704,ME,2
461713,AZ,1
461722,KY,2
461740,TX,2
461759,KY,5
461768,NY,1
461786,WI,2
461795,TX,7
461810,CO,2
461829,CA,2
461838,NY,1
461847,NJ,5
461856,CA,2
461865,NJ,3
461874,WI,2
461883,FL,7
461892,MI,2
461908,WI,2
461917,IN,2
461926,UT,2
461944,MI,2
461953,CO,3
461962,ME,2
461999,OH,4
462008,NV,2
462017,IN,2
462035,FL,2
462044,ME,9
462053,IL,2
462062,CA,2
462071,WA,2
462336,CA,2
462345,IL,2
462354,CA,5
463056,CT,5
464226,AZ,7
465812,UT,7
466189,CO,5
466921,MO,5
466930,TX,5
467094,NY,2
467368,CA,3
467863,SC,2
467872,SC,2
467906,SC,2
468246,OR,4
468255,OR,4
468291,CA,3
468769,CA,2
468848,CA,2
468893,LA,2
468909,CA,2
468963,MA,2
469416,PR,5
469610,AZ,1
469629,OK,4
469638,IL,4
469911,LA,2
469920,LA,2
469957,CA,2
470038,CA,2
470047,KS,3
470296,TX,2
470393,IL,2
474863,CA,7
474890,AZ,5
474906,ID,5
474915,AZ,2
474924,UT,2
475015,IA,4
475024,NJ,2
475033,NY,7
475060,GA,3
475121,GA,9
475130,AL,3
475176,CA,3
475200,WA,5
475228,CA,9
475237,CA,9
475273,MA,7
475282,CA,2
475325,NV,2
475398,WV,7
475404,NY,1
475413,WI,2
475422,NY,3
475431,NJ,1
475459,MS,2
475468,NJ,2
475477,FL,3
475486,TX,2
475495,UT,9
475510,NY,7
475538,SC,2
475547,FL,2
475556,NC,2
475565,NY,3
475574,IN,2
475608,TX,7
475635,CA,5
475653,IL,2
475662,TX,2
475705,CA,2
475714,FL,5
475723,UT,2
475732,GA,5
475741,IN,5
475750,TX,3
475839,AZ,3
476063,FL,2
476179,VA,2
476230,WV,2
476294,UT,2
476355,NY,4
476489,IL,2
476498,FL,2
476513,CA,2
476540,TX,2
476559,TX,2
476568,VA,2
476586,CO,1
476595,CA,5
476601,MD,5
476610,NY,1
476629,OH,4
476674,IL,2
476683,OH,3
476692,NJ,5
476708,UT,2
476717,NY,5
476726,TX,3
476735,MA,2
476753,AZ,2
476780,CA,2
476799,CA,2
476805,AL,2
476814,FL,2
476823,CO,4
476841,NV,2
476850,ID,2
476869,ID,2
476878,NY,2
476887,GA,2
476896,TX,2
476902,KS,2
476939,FL,4
476948,GA,3
476957,ID,2
476966,FL,2
476975,CO,7
476984,KS,2
476993,UT,2
477002,MI,2
477039,TX,9
477950,UT,3
477996,NE,5
478014,TX,5
478582,GA,2
478591,TX,2
478616,NC,2
478634,CA,5
478661,NJ,2
478917,KS,2
478953,KS,4
479062,RI,1
479248,VA,3
479424,CA,2
479956,PA,9
479965,NJ,4
479974,CA,2
479983,CO,2
479992,CA,2
480000,CA,2
480019,CA,1
480028,NY,3
480037,NC,1
480073,TX,7
480091,NY,5
480125,TX,2
480161,KY,2
480170,MN,2
480189,PA,3
480198,OR,7
480204,CA,5
480301,GA,9
480310,MD,2
480347,AZ,2
480471,CA,2
480499,IA,9
480523,OH,2
480532,OH,2
480550,KY,2
480569,FL,7
480657,KS,9
480693,MD,2
480727,MI,4
480736,CT,2
480781,CA,9
480790,CO,9
480824,TX,3
480833,TX,3
480842,FL,2
480851,FL,3
480879,MO,2
480888,TX,2
480903,CT,1
480912,TX,5
480921,AR,2
480930,VA,2
480967,OK,3
480976,AL,2
480985,UT,7
480994,MD,2
481003,TX,2
481021,PA,2
481030,WV,7
481049,MO,2
481058,CA,9
481085,IL,2
481094,NY,7
481100,UT,2
481128,CA,2
481137,WI,4
481146,GA,2
481155,GA,3
481182,CA,2
481191,CA,2
481207,MD,2
481225,TN,5
481243,NY,2
481252,FL,3
481289,CA,2
481298,CA,2
481313,FL,2
481322,TX,2
481331,NY,1
481340,TN,2
481368,FL,2
481386,CA,2
481401,TX,9
481410,NY,5
481429,NJ,2
481438,NJ,5
481447,NJ,1
481456,UT,2
481465,LA,4
481474,CA,2
481483,FL,2
481508,NJ,2
481517,MO,2
481526,VA,1
481535,CA,9
481571,CT,2
481678,GA,2
481720,NC,7
481739,IL,2
481748,IL,2
481775,CA,3
481845,NY,2
481863,IN,3
481890,KY,2
481906,WV,2
481960,CA,3
482015,TX,2
482060,CA,2
482097,MO,2
482149,GA,9
482158,GA,7
482167,IL,2
482176,CO,2
482185,WA,4
482194,NY,2
482200,TX,2
482228,IN,7
482246,ND,1
482255,NV,4
482291,CA,2
482325,TX,5
482334,TX,5
482370,IN,5
482413,NY,7
482422,AZ,7
482431,CA,7
482440,CO,7
482459,FL,7
482468,GA,7
482477,IL,7
482486,IN,7
482538,MO,7
482547,NV,7
482556,NJ,7
482565,NC,7
482574,OH,7
482608,PA,7
482617,TN,7
482635,TX,7
482653,VA,7
482680,GA,9
482699,GA,5
482705,MA,9
482936,FL,7
482963,NJ,4
482972,TX,1
482981,TX,2
482990,AZ,3
483009,CA,2
483018,OH,5
483036,TX,7
483045,GA,4
483054,PA,2
483106,NJ,2
483124,AZ,9
483212,LA,3
483221,CA,3
483230,CA,1
483258,IL,2
483276,OK,2
483328,IL,2
483337,SC,2
483346,PA,2
483355,LA,2
483364,LA,4
483373,CA,4
483382,NY,1
483425,NC,2
483443,CA,2
483470,FL,2
483504,MI,2
483513,TX,2
483559,TX,2
483577,TN,2
483586,CA,9
483595,PR,9
483638,GA,4
483647,OH,2
483665,OK,2
483708,NY,2
483717,OK,2
483726,VA,2
483735,TX,2
483744,TN,2
483753,PA,2
483780,VA,7
483799,WI,1
483814,VA,3
483823,PA,2
483841,NY,2
483850,NY,2
483869,FL,2
483878,CA,2
483887,TN,1
483896,FL,2
483911,IL,2
483920,OH,4
483939,LA,2
483948,LA,2
483957,CA,2
483975,AL,9
484002,CA,3
484011,NY,2
484020,NC,2
484039,FL,2
484048,TX,2
484057,MA,2
484066,KY,3
484075,FL,2
484084,IL,2
484093,MI,2
484109,IN,2
484127,CT,2
484136,TX,2
484163,AZ,1
484172,FL,1
484190,LA,2
484206,CA,2
484233,CA,4
484321,NJ,2
484330,KY,2
484349,IN,2
484358,TN,2
484367,CA,4
484376,CA,4
484385,NY,2
484394,UT,2
484473,FL,5
484604,TX,2
484613,AZ,9
484631,CA,8
484668,FL,7
484677,GA,7
484695,MI,7
484710,NV,7
484729,NC,7
484756,TX,7
484765,VA,7
484783,PA,5
484826,WA,2
484835,PR,5
484862,CA,9
484871,NY,5
484899,AZ,2
484905,TX,9
484923,VA,1
484932,WV,3
484950,OR,4
484996,TX,2
485014,NY,2
485032,OH,2
485111,GA,5
485120,GA,4
485139,IL,3
485166,OR,2
485236,PA,2
485263,CA,5
485272,FL,5
485290,SD,9
485306,AZ,2
485342,FL,2
485360,TX,4
485379,FL,2
485388,FL,2
485397,PA,2
485403,CA,7
485412,CA,2
485458,GA,4
485467,CA,3
485476,WA,2
485485,FL,2
485494,CA,2
485500,CA,1
485519,CA,5
485537,TX,7
485546,CA,9
485564,LA,2
485573,CA,2
485582,RI,2
485591,AR,2
485607,CT,2
485698,SC,5
485704,AR,1
485731,AR,2
485768,FL,7
485801,NY,2
485810,TX,2
485856,PA,4
485874,TX,2
485908,OH,7
485926,TX,2
485953,TX,3
485962,LA,2
485999,NY,5
486017,NY,5
486026,NY,5
486053,MN,7
486080,NY,9
486105,PA,2
486123,CA,3
486141,CA,2
486150,FL,2
486169,KY,2
486196,NY,5
486202,WV,2
486239,FL,7
486248,CA,2
486257,OH,3
486284,MN,7
486309,WI,2
486327,MI,2
486345,IL,1
486354,FL,5
486372,CA,3
486381,NY,4
486390,NY,1
486406,WV,2
486415,NY,2
486424,DC,3
486433,CA,7
486442,TN,2
486460,WI,9
486488,CA,5
486497,CA,2
486503,TX,2
486512,FL,2
486521,FL,1
486530,TN,2
486558,CA,4
486567,OK,2
486576,PR,2
486594,VA,3
486619,AR,2
486691,GA,2
486707,AL,2
486716,TN,2
486734,NJ,2
486752,IN,2
486770,TX,1
486798,TX,2
486813,TX,3
486822,AZ,3
486840,GA,9
486859,NE,4
486868,AZ,2
486877,NY,2
486886,NY,2
486901,TN,9
486938,NV,5
486947,MI,5
486956,NJ,5
486965,CA,6
486983,WI,2
487010,TN,9
487047,LA,2
487065,TX,2
487083,MI,2
487092,GA,3
487153,LA,9
487162,GA,4
487232,TX,2
487296,AZ,7
487302,OH,3
487311,FL,3
487320,TX,4
487348,WA,4
487375,NV,5
487384,FL,3
487393,FL,3
487409,FL,3
487418,FL,3
487427,FL,3
487436,FL,3
487445,FL,3
487454,FL,3
487472,FL,3
487481,AZ,2
487490,TX,3
487506,WI,2
487524,ME,9
487533,IL,2
487588,MS,3
487597,CA,4
487603,WA,7
487621,LA,2
487649,CA,7
487658,LA,4
487676,MD,2
487746,NY,5
487773,CA,2
487791,SC,2
487807,SC,2
487816,AL,2
487852,NJ,1
487861,OH,5
487889,AZ,1
487898,SC,2
487904,KY,2
487913,KY,2
487922,TN,2
487959,GA,2
487968,IL,2
487977,WV,3
487995,CA,7
488004,NY,5
488013,NJ,2
488022,SC,2
488031,CA,9
488040,SC,2
488059,FL,3
488068,TN,9
488077,AZ,3
488101,NY,5
488110,TX,2
488129,IN,2
488138,LA,1
488147,FL,2
488174,MO,2
488183,KY,2
488192,CA,2
488217,KY,2
488226,FL,2
488235,MO,2
488253,NY,1
488262,DE,2
488271,WA,2
488280,FL,1
488299,TX,2
488305,NY,3
488314,NJ,5
488332,FL,3
488350,NJ,5
488369,PA,2
488378,WA,2
488387,CA,7
488396,IL,2
488411,CA,2
488420,IN,2
488439,IN,2
488448,WA,7
488527,AR,9
488554,NM,9
488572,CA,9
488590,OR,2
488651,NM,2
488679,IN,9
488730,TX,3
488749,MD,2
488776,IN,7
488785,CA,5
488800,CA,7
488828,OK,2
488837,MI,1
488846,CA,7
488891,FL,2
488907,NV,7
488916,AL,2
488925,SC,1
488934,OK,4
488952,OH,2
488961,IN,2
488970,MI,2
488989,TX,2
488998,ID,2
489122,WI,2
489131,WI,2
489140,WI,2
489159,SC,2
489201,CA,4
489238,FL,2
489247,UT,2
489256,PR,2
489283,TX,3
489335,CA,7
489344,NC,5
489353,CA,5
489371,CA,4
489760,CA,2
489779,IN,9
489812,MT,3
489830,AR,2
489858,CA,9
489937,NC,9
490018,FL,1
490045,CA,9
490054,FL,5
490063,CA,7
490072,OH,1
490081,CA,9
490090,FL,4
490106,VA,9
490115,TN,2
490124,CA,5
490133,CA,9
490142,FL,2
490151,TN,2
490160,CA,4
490197,CA,3
490203,MO,3
490212,CA,2
490221,GA,2
490230,GA,7
490249,NJ,1
490258,PA,2
490267,TN,2
490276,NY,5
490285,CA,3
490294,WA,2
490300,NJ,2
490319,NJ,5
490328,NY,5
490337,CA,2
490346,NY,3
490373,MI,9
490382,NH,2
490391,FL,2
490407,GA,2
490416,LA,2
490425,TX,2
490434,OH,2
490443,VA,1
490452,AZ,2
490461,TN,1
490470,TN,1
490489,MI,4
490498,LA,3
490504,NY,5
490513,NJ,5
490522,TX,2
490531,LA,2
490540,AR,2
490559,FL,3
490568,MI,3
490601,MO,9
490674,TX,2
490692,OH,4
490717,NV,2
490735,TX,4
490744,AR,2
490753,ME,7
490805,IN,9
490814,MI,2
490832,OH,3
490841,MI,3
490869,NJ,2
490878,CA,5
490896,NJ,1
490948,NC,2
490975,FL,3
491057,NY,5
491066,TX,2
491075,AR,2
491084,LA,2
491093,KS,5
491136,FL,2
491145,FL,2
491181,KY,3
491190,CA,9
491215,AZ,1
491224,WI,2
491233,MS,2
491242,OR,2
491251,TX,2
491260,WA,2
491288,WI,5
491297,WI,5
491394,TX,2
491446,NY,3
491464,CA,2
491473,DE,2
491482,CA,1
491507,CA,1
491525,IN,5
491534,FL,1
491543,CA,2
491552,IN,2
491570,GA,2
491589,TX,2
491598,PA,1
491613,NJ,5
491622,NJ,5
491631,MD,5
491640,NJ,5
491659,CA,2
491668,PR,2
491677,PA,2
491686,AZ,2
491695,AL,2
491701,ID,1
491710,NJ,5
491729,MS,2
491738,HI,4
491747,FL,2
491756,CA,2
491765,NJ,5
491774,NY,2
491783,FL,2
491792,CO,2
491808,CA,9
491817,NJ,3
491826,NM,2
491835,TX,2
491844,MN,3
491853,CA,2
491871,TX,2
491880,CA,2
491899,CA,2
491905,AL,2
491914,NJ,5
491923,SC,1
491932,FL,2
491941,IN,3
491950,CA,4
491969,NY,2
491978,VA,2
491996,TX,2
492005,OH,2
492032,FL,1
492069,AR,5
492078,IL,1
492087,FL,7
492096,MI,2
492102,DC,7
492139,MI,1
492157,TX,2
492209,CA,9
492263,TN,9
492281,AR,2
492306,CA,1
492315,CA,1
492324,CA,1
492360,FL,2
492379,ND,1
492397,ID,2
492421,NC,2
492449,CA,3
492476,PR,5
492573,TX,5
492591,TX,2
492607,TX,9
492643,VA,1
492652,FL,2
492661,CA,2
492689,TX,9
492704,PR,9
492722,TX,3
492731,NJ,2
492759,LA,5
492801,MO,5
492935,FL,2
492953,CA,2
492962,IN,5
493071,PR,2
493080,CA,1
493132,NJ,4
493150,TN,2
493363,SD,9
493372,NM,2
493424,MI,3
493451,MO,3
493479,CA,2
493488,FL,3
493497,VA,2
493503,CA,1
493512,CA,7
493521,OH,3
493530,VA,2
493549,TX,2
493558,PA,1
493567,FL,2
493576,PA,2
493585,PA,2
493594,NY,5
493600,NY,5
493619,CA,3
493628,NJ,2
493637,KY,2
493646,NY,3
493655,TX,2
493664,NY,5
493673,PR,7
493682,CT,4
493691,OK,2
493707,NJ,5
493716,NJ,5
493725,AR,5
493734,TX,1
493743,TX,2
493752,TN,2
493761,CA,2
493770,SC,2
493789,TN,2
493798,NY,3
493804,TX,2
493813,PA,2
493822,RI,5
493831,KS,2
493868,NM,2
493895,MD,7
493947,ID,9
493992,TX,2
494001,NC,2
494010,MO,9
494029,IN,2
494162,TX,5
494171,AZ,5
494232,DC,2
494250,OH,3
494269,GA,5
494278,PR,5
494287,PR,5
494357,CA,2
494436,TN,3
494454,CA,2
494463,NY,4
494472,TX,2
494524,TX,2
494551,NY,7
494560,TX,7
494588,TX,3
494597,FL,9
494603,TX,9
494621,VA,7
494630,TX,5
494649,UT,2
494658,CA,2
494685,MO,5
494694,TX,1
494700,AZ,2
494719,TX,2
494728,TX,2
494737,NY,5
494746,CA,3
494755,PA,3
494764,NC,4
494807,PR,9
494834,PR,2
494843,MD,3
494852,IL,3
494898,KS,3
494904,NY,2
494940,CA,9
494959,PA,3
494977,TX,1
494986,CO,3
494995,OH,4
495013,AZ,4
495031,NY,5
495040,HI,1
495059,CA,5
495077,CA,2
495101,UT,2
495110,MI,2
495129,TX,2
495138,NY,1
495147,WA,3
495156,WA,1
495165,NY,2
495174,CA,2
495183,FL,3
495192,CA,7
495208,GA,2
495217,FL,2
495226,MO,2
495235,FL,2
495244,TX,2
495253,OK,2
495262,OR,1
495271,CA,3
495280,AZ,5
495299,FL,1
495305,TX,2
495314,NJ,9
495323,FL,1
495332,CA,-3
495341,MI,4
495350,CA,2
495369,FL,2
495378,IA,4
495387,IL,2
495396,NY,2
495411,UT,2
495420,FL,5
495439,FL,5
495448,AZ,5
495457,AZ,5
495466,FL,-3
495475,NJ,-3
495484,FL,-3
495493,FL,-3
495509,FL,-3
495518,VA,2
495527,AZ,-3
495536,AZ,-3
495545,FL,-3
495554,FL,-3
495563,FL,-3
495572,FL,-3
495581,FL,-3
495590,FL,-3
495606,PR,-3
495615,PR,-3
495624,PR,-3
495633,PR,-3
495642,PR,-3
495651,PR,-3
495660,PR,-3
495679,PR,-3
495688,PR,-3
495697,PR,-3
495703,PR,-3
495712,PR,-3
495721,PR,-3
495730,IL,2
495749,FL,-3
495758,CA,-3
495767,PA,9
495776,TX,2
495794,TN,2
495800,MN,-3
495819,GA,-3
495828,DC,-3
495837,MI,2
495846,IL,-3
495855,WA,-3
495864,FL,-3
495916,CA,5
495925,CA,3
495934,CA,3
495943,CA,2
495952,CA,3
495961,CA,3
495970,PR,2
495989,MA,-3
495998,CA,2
496007,IL,-3
496016,IL,-3
496043,CA,9
496052,FL,2
496061,OH,4
496070,NY,8
496131,TX,-3
496140,TN,-3
496177,TN,-3
496186,CA,3
496195,FL,-3
496201,ND,-3
496210,MO,-3
496229,TX,-3
496238,MO,-3
496247,HI,-3
496256,FL,-3
496265,PA,3
496274,MI,-3
496283,ID,7
496292,TN,1
496317,GA,-3
496326,ID,5
496335,CA,-3
496371,OH,2
496380,NV,-3
496414,FL,1
496423,WA,2
